year,month,day,hour,half,equsid
2018,1,11,14,1,"{2, 3, 4}"
2018,1,11,14,1,"{2, 3, 4}"
2018,1,11,14,1,"{2, 3, 4}"
2018,1,11,15,0,"{2, 3, 4}"
2018,1,11,15,0,"{2, 3, 4}"
2018,1,11,15,0,"{2, 3, 4}"
2018,1,11,15,1,"{2, 3, 4}"
2018,1,11,15,1,"{2, 3, 4}"
2018,1,11,15,1,"{2, 3, 4}"
2018,1,11,16,0,"{3, 4}"
2018,1,11,16,0,"{3, 4}"
2018,1,12,10,1,"{2, 3, 4}"
2018,1,12,10,1,"{2, 3, 4}"
2018,1,12,10,1,"{2, 3, 4}"
2018,1,12,11,0,"{2, 3, 4}"
2018,1,12,11,0,"{2, 3, 4}"
2018,1,12,11,0,"{2, 3, 4}"
2018,1,12,11,1,"{2, 3, 4}"
2018,1,12,11,1,"{2, 3, 4}"
2018,1,12,11,1,"{2, 3, 4}"
2018,1,12,12,0,"{2, 3, 4}"
2018,1,12,12,0,"{2, 3, 4}"
2018,1,12,12,0,"{2, 3, 4}"
2018,1,12,12,1,"{2, 3, 4}"
2018,1,12,12,1,"{2, 3, 4}"
2018,1,12,12,1,"{2, 3, 4}"
2018,1,12,13,0,"{2, 3, 4}"
2018,1,12,13,0,"{2, 3, 4}"
2018,1,12,13,0,"{2, 3, 4}"
2018,1,12,13,1,"{2, 3, 4}"
2018,1,12,13,1,"{2, 3, 4}"
2018,1,12,13,1,"{2, 3, 4}"
2018,1,12,14,0,"{2, 3, 4}"
2018,1,12,14,0,"{2, 3, 4}"
2018,1,12,14,0,"{2, 3, 4}"
2018,1,12,14,1,"{2, 3, 4}"
2018,1,12,14,1,"{2, 3, 4}"
2018,1,12,14,1,"{2, 3, 4}"
2018,1,12,15,0,"{2, 3, 4}"
2018,1,12,15,0,"{2, 3, 4}"
2018,1,12,15,0,"{2, 3, 4}"
2018,1,12,15,1,"{2, 3, 4}"
2018,1,12,15,1,"{2, 3, 4}"
2018,1,12,15,1,"{2, 3, 4}"
2018,1,12,16,0,"{2, 3, 4}"
2018,1,12,16,0,"{2, 3, 4}"
2018,1,12,16,0,"{2, 3, 4}"
2018,1,12,16,1,"{2, 3, 4}"
2018,1,12,16,1,"{2, 3, 4}"
2018,1,12,16,1,"{2, 3, 4}"
2018,1,12,17,0,"{2, 3, 4}"
2018,1,12,17,0,"{2, 3, 4}"
2018,1,12,17,0,"{2, 3, 4}"
2018,1,12,17,1,"{2, 3, 4}"
2018,1,12,17,1,"{2, 3, 4}"
2018,1,12,17,1,"{2, 3, 4}"
2018,1,12,18,0,"{2, 3, 4}"
2018,1,12,18,0,"{2, 3, 4}"
2018,1,12,18,0,"{2, 3, 4}"
2018,1,12,18,1,"{2, 3, 4}"
2018,1,12,18,1,"{2, 3, 4}"
2018,1,12,18,1,"{2, 3, 4}"
2018,1,12,19,0,"{2, 3, 4}"
2018,1,12,19,0,"{2, 3, 4}"
2018,1,12,19,0,"{2, 3, 4}"
2018,1,12,19,1,"{2, 3, 4}"
2018,1,12,19,1,"{2, 3, 4}"
2018,1,12,19,1,"{2, 3, 4}"
2018,1,12,20,0,"{2, 3, 4}"
2018,1,12,20,0,"{2, 3, 4}"
2018,1,12,20,0,"{2, 3, 4}"
2018,1,12,20,1,"{2, 3, 4}"
2018,1,12,20,1,"{2, 3, 4}"
2018,1,12,20,1,"{2, 3, 4}"
2018,1,12,21,0,"{2, 3, 4}"
2018,1,12,21,0,"{2, 3, 4}"
2018,1,12,21,0,"{2, 3, 4}"
2018,1,12,21,1,"{2, 3, 4}"
2018,1,12,21,1,"{2, 3, 4}"
2018,1,12,21,1,"{2, 3, 4}"
2018,1,12,22,0,"{2, 3, 4}"
2018,1,12,22,0,"{2, 3, 4}"
2018,1,12,22,0,"{2, 3, 4}"
2018,1,12,22,1,"{2, 3, 4}"
2018,1,12,22,1,"{2, 3, 4}"
2018,1,12,22,1,"{2, 3, 4}"
2018,1,12,23,0,"{2, 3, 4}"
2018,1,12,23,0,"{2, 3, 4}"
2018,1,12,23,0,"{2, 3, 4}"
2018,1,12,23,1,"{2, 3, 4}"
2018,1,12,23,1,"{2, 3, 4}"
2018,1,12,23,1,"{2, 3, 4}"
2018,1,13,0,0,"{2, 3, 4}"
2018,1,13,0,0,"{2, 3, 4}"
2018,1,13,0,0,"{2, 3, 4}"
2018,1,13,0,1,"{2, 3, 4}"
2018,1,13,0,1,"{2, 3, 4}"
2018,1,13,0,1,"{2, 3, 4}"
2018,1,13,1,0,"{2, 3, 4}"
2018,1,13,1,0,"{2, 3, 4}"
2018,1,13,1,0,"{2, 3, 4}"
2018,1,13,1,1,"{2, 3, 4}"
2018,1,13,1,1,"{2, 3, 4}"
2018,1,13,1,1,"{2, 3, 4}"
2018,1,13,2,0,"{2, 3, 4}"
2018,1,13,2,0,"{2, 3, 4}"
2018,1,13,2,0,"{2, 3, 4}"
2018,1,13,2,1,"{2, 3, 4}"
2018,1,13,2,1,"{2, 3, 4}"
2018,1,13,2,1,"{2, 3, 4}"
2018,1,13,3,0,"{2, 3, 4}"
2018,1,13,3,0,"{2, 3, 4}"
2018,1,13,3,0,"{2, 3, 4}"
2018,1,13,3,1,"{2, 3, 4}"
2018,1,13,3,1,"{2, 3, 4}"
2018,1,13,3,1,"{2, 3, 4}"
2018,1,13,4,0,"{2, 3, 4}"
2018,1,13,4,0,"{2, 3, 4}"
2018,1,13,4,0,"{2, 3, 4}"
2018,1,13,4,1,"{2, 3, 4}"
2018,1,13,4,1,"{2, 3, 4}"
2018,1,13,4,1,"{2, 3, 4}"
2018,1,13,5,0,"{2, 3, 4}"
2018,1,13,5,0,"{2, 3, 4}"
2018,1,13,5,0,"{2, 3, 4}"
2018,1,13,5,1,"{2, 3, 4}"
2018,1,13,5,1,"{2, 3, 4}"
2018,1,13,5,1,"{2, 3, 4}"
2018,1,13,6,0,"{2, 3, 4}"
2018,1,13,6,0,"{2, 3, 4}"
2018,1,13,6,0,"{2, 3, 4}"
2018,1,13,6,1,"{2, 3, 4}"
2018,1,13,6,1,"{2, 3, 4}"
2018,1,13,6,1,"{2, 3, 4}"
2018,1,13,7,0,"{2, 3, 4}"
2018,1,13,7,0,"{2, 3, 4}"
2018,1,13,7,0,"{2, 3, 4}"
2018,1,13,7,1,"{2, 3, 4}"
2018,1,13,7,1,"{2, 3, 4}"
2018,1,13,7,1,"{2, 3, 4}"
2018,1,13,8,0,"{2, 3, 4}"
2018,1,13,8,0,"{2, 3, 4}"
2018,1,13,8,0,"{2, 3, 4}"
2018,1,13,8,1,"{2, 3, 4}"
2018,1,13,8,1,"{2, 3, 4}"
2018,1,13,8,1,"{2, 3, 4}"
2018,1,13,9,0,"{2, 3, 4}"
2018,1,13,9,0,"{2, 3, 4}"
2018,1,13,9,0,"{2, 3, 4}"
2018,1,13,9,1,"{2, 3, 4}"
2018,1,13,9,1,"{2, 3, 4}"
2018,1,13,9,1,"{2, 3, 4}"
2018,1,13,10,0,"{2, 3, 4}"
2018,1,13,10,0,"{2, 3, 4}"
2018,1,13,10,0,"{2, 3, 4}"
2018,1,13,10,1,"{2, 3, 4}"
2018,1,13,10,1,"{2, 3, 4}"
2018,1,13,10,1,"{2, 3, 4}"
2018,1,13,11,0,"{2, 3, 4}"
2018,1,13,11,0,"{2, 3, 4}"
2018,1,13,11,0,"{2, 3, 4}"
2018,1,13,11,1,"{2, 3, 4}"
2018,1,13,11,1,"{2, 3, 4}"
2018,1,13,11,1,"{2, 3, 4}"
2018,1,13,12,0,"{2, 3, 4}"
2018,1,13,12,0,"{2, 3, 4}"
2018,1,13,12,0,"{2, 3, 4}"
2018,1,13,12,1,"{2, 3, 4}"
2018,1,13,12,1,"{2, 3, 4}"
2018,1,13,12,1,"{2, 3, 4}"
2018,1,13,13,0,"{2, 3, 4}"
2018,1,13,13,0,"{2, 3, 4}"
2018,1,13,13,0,"{2, 3, 4}"
2018,1,13,13,1,"{2, 3, 4}"
2018,1,13,13,1,"{2, 3, 4}"
2018,1,13,13,1,"{2, 3, 4}"
2018,1,13,14,0,"{2, 3, 4}"
2018,1,13,14,0,"{2, 3, 4}"
2018,1,13,14,0,"{2, 3, 4}"
2018,1,13,14,1,"{2, 3, 4}"
2018,1,13,14,1,"{2, 3, 4}"
2018,1,13,14,1,"{2, 3, 4}"
2018,1,13,15,0,"{2, 3, 4}"
2018,1,13,15,0,"{2, 3, 4}"
2018,1,13,15,0,"{2, 3, 4}"
2018,1,13,15,1,"{2, 3, 4}"
2018,1,13,15,1,"{2, 3, 4}"
2018,1,13,15,1,"{2, 3, 4}"
2018,1,13,16,0,"{2, 3, 4}"
2018,1,13,16,0,"{2, 3, 4}"
2018,1,13,16,0,"{2, 3, 4}"
2018,1,13,16,1,"{2, 3, 4}"
2018,1,13,16,1,"{2, 3, 4}"
2018,1,13,16,1,"{2, 3, 4}"
2018,1,13,17,0,"{2, 3, 4}"
2018,1,13,17,0,"{2, 3, 4}"
2018,1,13,17,0,"{2, 3, 4}"
2018,1,13,17,1,"{2, 3, 4}"
2018,1,13,17,1,"{2, 3, 4}"
2018,1,13,17,1,"{2, 3, 4}"
2018,1,13,18,0,"{2, 3, 4}"
2018,1,13,18,0,"{2, 3, 4}"
2018,1,13,18,0,"{2, 3, 4}"
2018,1,13,18,1,"{2, 3, 4}"
2018,1,13,18,1,"{2, 3, 4}"
2018,1,13,18,1,"{2, 3, 4}"
2018,1,13,19,0,"{2, 3, 4}"
2018,1,13,19,0,"{2, 3, 4}"
2018,1,13,19,0,"{2, 3, 4}"
2018,1,13,19,1,"{2, 3, 4}"
2018,1,13,19,1,"{2, 3, 4}"
2018,1,13,19,1,"{2, 3, 4}"
2018,1,13,20,0,"{2, 3, 4}"
2018,1,13,20,0,"{2, 3, 4}"
2018,1,13,20,0,"{2, 3, 4}"
2018,1,13,20,1,"{2, 3, 4}"
2018,1,13,20,1,"{2, 3, 4}"
2018,1,13,20,1,"{2, 3, 4}"
2018,1,13,21,0,"{2, 3, 4}"
2018,1,13,21,0,"{2, 3, 4}"
2018,1,13,21,0,"{2, 3, 4}"
2018,1,13,21,1,"{2, 3, 4}"
2018,1,13,21,1,"{2, 3, 4}"
2018,1,13,21,1,"{2, 3, 4}"
2018,1,13,22,0,"{2, 3, 4}"
2018,1,13,22,0,"{2, 3, 4}"
2018,1,13,22,0,"{2, 3, 4}"
2018,1,13,22,1,"{2, 3, 4}"
2018,1,13,22,1,"{2, 3, 4}"
2018,1,13,22,1,"{2, 3, 4}"
2018,1,13,23,0,"{2, 3, 4}"
2018,1,13,23,0,"{2, 3, 4}"
2018,1,13,23,0,"{2, 3, 4}"
2018,1,13,23,1,"{2, 3, 4}"
2018,1,13,23,1,"{2, 3, 4}"
2018,1,13,23,1,"{2, 3, 4}"
2018,1,14,0,0,"{2, 3, 4}"
2018,1,14,0,0,"{2, 3, 4}"
2018,1,14,0,0,"{2, 3, 4}"
2018,1,14,0,1,"{2, 3, 4}"
2018,1,14,0,1,"{2, 3, 4}"
2018,1,14,0,1,"{2, 3, 4}"
2018,1,14,1,0,"{2, 3, 4}"
2018,1,14,1,0,"{2, 3, 4}"
2018,1,14,1,0,"{2, 3, 4}"
2018,1,14,1,1,"{2, 3, 4}"
2018,1,14,1,1,"{2, 3, 4}"
2018,1,14,1,1,"{2, 3, 4}"
2018,1,14,2,0,"{2, 3, 4}"
2018,1,14,2,0,"{2, 3, 4}"
2018,1,14,2,0,"{2, 3, 4}"
2018,1,14,2,1,"{2, 3, 4}"
2018,1,14,2,1,"{2, 3, 4}"
2018,1,14,2,1,"{2, 3, 4}"
2018,1,14,3,0,"{2, 3, 4}"
2018,1,14,3,0,"{2, 3, 4}"
2018,1,14,3,0,"{2, 3, 4}"
2018,1,14,3,1,"{2, 3, 4}"
2018,1,14,3,1,"{2, 3, 4}"
2018,1,14,3,1,"{2, 3, 4}"
2018,1,14,4,0,"{2, 3, 4}"
2018,1,14,4,0,"{2, 3, 4}"
2018,1,14,4,0,"{2, 3, 4}"
2018,1,14,4,1,"{2, 3, 4}"
2018,1,14,4,1,"{2, 3, 4}"
2018,1,14,4,1,"{2, 3, 4}"
2018,1,14,5,0,"{2, 3, 4}"
2018,1,14,5,0,"{2, 3, 4}"
2018,1,14,5,0,"{2, 3, 4}"
2018,1,14,5,1,"{2, 3, 4}"
2018,1,14,5,1,"{2, 3, 4}"
2018,1,14,5,1,"{2, 3, 4}"
2018,1,14,6,0,"{2, 3, 4}"
2018,1,14,6,0,"{2, 3, 4}"
2018,1,14,6,0,"{2, 3, 4}"
2018,1,14,6,1,"{2, 3, 4}"
2018,1,14,6,1,"{2, 3, 4}"
2018,1,14,6,1,"{2, 3, 4}"
2018,1,14,7,0,"{2, 3, 4}"
2018,1,14,7,0,"{2, 3, 4}"
2018,1,14,7,0,"{2, 3, 4}"
2018,1,14,7,1,"{2, 3, 4}"
2018,1,14,7,1,"{2, 3, 4}"
2018,1,14,7,1,"{2, 3, 4}"
2018,1,14,8,0,"{2, 3, 4}"
2018,1,14,8,0,"{2, 3, 4}"
2018,1,14,8,0,"{2, 3, 4}"
2018,1,14,8,1,"{2, 3, 4}"
2018,1,14,8,1,"{2, 3, 4}"
2018,1,14,8,1,"{2, 3, 4}"
2018,1,14,9,0,"{2, 3, 4}"
2018,1,14,9,0,"{2, 3, 4}"
2018,1,14,9,0,"{2, 3, 4}"
2018,1,14,9,1,"{2, 3, 4}"
2018,1,14,9,1,"{2, 3, 4}"
2018,1,14,9,1,"{2, 3, 4}"
2018,1,14,10,0,"{2, 3, 4}"
2018,1,14,10,0,"{2, 3, 4}"
2018,1,14,10,0,"{2, 3, 4}"
2018,1,14,10,1,"{2, 3, 4}"
2018,1,14,10,1,"{2, 3, 4}"
2018,1,14,10,1,"{2, 3, 4}"
2018,1,14,11,0,"{2, 3, 4}"
2018,1,14,11,0,"{2, 3, 4}"
2018,1,14,11,0,"{2, 3, 4}"
2018,1,14,11,1,"{2, 3, 4}"
2018,1,14,11,1,"{2, 3, 4}"
2018,1,14,11,1,"{2, 3, 4}"
2018,1,14,12,0,"{2, 3, 4}"
2018,1,14,12,0,"{2, 3, 4}"
2018,1,14,12,0,"{2, 3, 4}"
2018,1,14,12,1,"{2, 3, 4}"
2018,1,14,12,1,"{2, 3, 4}"
2018,1,14,12,1,"{2, 3, 4}"
2018,1,14,13,0,"{2, 3, 4}"
2018,1,14,13,0,"{2, 3, 4}"
2018,1,14,13,0,"{2, 3, 4}"
2018,1,14,13,1,"{2, 3, 4}"
2018,1,14,13,1,"{2, 3, 4}"
2018,1,14,13,1,"{2, 3, 4}"
2018,1,14,14,0,"{2, 3, 4}"
2018,1,14,14,0,"{2, 3, 4}"
2018,1,14,14,0,"{2, 3, 4}"
2018,1,14,14,1,"{2, 3, 4}"
2018,1,14,14,1,"{2, 3, 4}"
2018,1,14,14,1,"{2, 3, 4}"
2018,1,14,15,0,"{2, 3, 4}"
2018,1,14,15,0,"{2, 3, 4}"
2018,1,14,15,0,"{2, 3, 4}"
2018,1,14,15,1,"{2, 3, 4}"
2018,1,14,15,1,"{2, 3, 4}"
2018,1,14,15,1,"{2, 3, 4}"
2018,1,14,16,0,"{2, 3, 4}"
2018,1,14,16,0,"{2, 3, 4}"
2018,1,14,16,0,"{2, 3, 4}"
2018,1,14,16,1,"{2, 3, 4}"
2018,1,14,16,1,"{2, 3, 4}"
2018,1,14,16,1,"{2, 3, 4}"
2018,1,14,17,0,"{2, 3, 4}"
2018,1,14,17,0,"{2, 3, 4}"
2018,1,14,17,0,"{2, 3, 4}"
2018,1,14,17,1,"{2, 3, 4}"
2018,1,14,17,1,"{2, 3, 4}"
2018,1,14,17,1,"{2, 3, 4}"
2018,1,14,18,0,"{2, 3, 4}"
2018,1,14,18,0,"{2, 3, 4}"
2018,1,14,18,0,"{2, 3, 4}"
2018,1,14,18,1,"{2, 3, 4}"
2018,1,14,18,1,"{2, 3, 4}"
2018,1,14,18,1,"{2, 3, 4}"
2018,1,14,19,0,"{2, 3, 4}"
2018,1,14,19,0,"{2, 3, 4}"
2018,1,14,19,0,"{2, 3, 4}"
2018,1,14,19,1,"{2, 3, 4}"
2018,1,14,19,1,"{2, 3, 4}"
2018,1,14,19,1,"{2, 3, 4}"
2018,1,14,20,0,"{2, 3, 4}"
2018,1,14,20,0,"{2, 3, 4}"
2018,1,14,20,0,"{2, 3, 4}"
2018,1,14,20,1,"{2, 3, 4}"
2018,1,14,20,1,"{2, 3, 4}"
2018,1,14,20,1,"{2, 3, 4}"
2018,1,14,21,0,"{2, 3, 4}"
2018,1,14,21,0,"{2, 3, 4}"
2018,1,14,21,0,"{2, 3, 4}"
2018,1,14,21,1,"{2, 3, 4}"
2018,1,14,21,1,"{2, 3, 4}"
2018,1,14,21,1,"{2, 3, 4}"
2018,1,14,22,0,"{2, 3, 4}"
2018,1,14,22,0,"{2, 3, 4}"
2018,1,14,22,0,"{2, 3, 4}"
2018,1,14,22,1,"{2, 3, 4}"
2018,1,14,22,1,"{2, 3, 4}"
2018,1,14,22,1,"{2, 3, 4}"
2018,1,14,23,0,"{2, 3, 4}"
2018,1,14,23,0,"{2, 3, 4}"
2018,1,14,23,0,"{2, 3, 4}"
2018,1,14,23,1,"{2, 3, 4}"
2018,1,14,23,1,"{2, 3, 4}"
2018,1,14,23,1,"{2, 3, 4}"
2018,1,15,0,0,"{2, 3, 4}"
2018,1,15,0,0,"{2, 3, 4}"
2018,1,15,0,0,"{2, 3, 4}"
2018,1,15,0,1,"{2, 3, 4}"
2018,1,15,0,1,"{2, 3, 4}"
2018,1,15,0,1,"{2, 3, 4}"
2018,1,15,1,0,"{2, 3, 4}"
2018,1,15,1,0,"{2, 3, 4}"
2018,1,15,1,0,"{2, 3, 4}"
2018,1,15,1,1,"{2, 3, 4}"
2018,1,15,1,1,"{2, 3, 4}"
2018,1,15,1,1,"{2, 3, 4}"
2018,1,15,2,0,"{2, 3, 4}"
2018,1,15,2,0,"{2, 3, 4}"
2018,1,15,2,0,"{2, 3, 4}"
2018,1,15,2,1,"{2, 3, 4}"
2018,1,15,2,1,"{2, 3, 4}"
2018,1,15,2,1,"{2, 3, 4}"
2018,1,15,3,0,"{2, 3, 4}"
2018,1,15,3,0,"{2, 3, 4}"
2018,1,15,3,0,"{2, 3, 4}"
2018,1,15,3,1,"{2, 3, 4}"
2018,1,15,3,1,"{2, 3, 4}"
2018,1,15,3,1,"{2, 3, 4}"
2018,1,15,4,0,"{2, 3, 4}"
2018,1,15,4,0,"{2, 3, 4}"
2018,1,15,4,0,"{2, 3, 4}"
2018,1,15,4,1,"{2, 3, 4}"
2018,1,15,4,1,"{2, 3, 4}"
2018,1,15,4,1,"{2, 3, 4}"
2018,1,15,5,0,"{2, 3, 4}"
2018,1,15,5,0,"{2, 3, 4}"
2018,1,15,5,0,"{2, 3, 4}"
2018,1,15,5,1,"{2, 3, 4}"
2018,1,15,5,1,"{2, 3, 4}"
2018,1,15,5,1,"{2, 3, 4}"
2018,1,15,6,0,"{2, 3, 4}"
2018,1,15,6,0,"{2, 3, 4}"
2018,1,15,6,0,"{2, 3, 4}"
2018,1,15,6,1,"{2, 3, 4}"
2018,1,15,6,1,"{2, 3, 4}"
2018,1,15,6,1,"{2, 3, 4}"
2018,1,15,7,0,"{2, 3, 4}"
2018,1,15,7,0,"{2, 3, 4}"
2018,1,15,7,0,"{2, 3, 4}"
2018,1,15,7,1,"{2, 3, 4}"
2018,1,15,7,1,"{2, 3, 4}"
2018,1,15,7,1,"{2, 3, 4}"
2018,1,15,8,0,"{2, 3, 4}"
2018,1,15,8,0,"{2, 3, 4}"
2018,1,15,8,0,"{2, 3, 4}"
2018,1,15,8,1,"{2, 3, 4}"
2018,1,15,8,1,"{2, 3, 4}"
2018,1,15,8,1,"{2, 3, 4}"
2018,1,15,9,0,"{2, 3, 4}"
2018,1,15,9,0,"{2, 3, 4}"
2018,1,15,9,0,"{2, 3, 4}"
2018,1,15,9,1,"{2, 3, 4}"
2018,1,15,9,1,"{2, 3, 4}"
2018,1,15,9,1,"{2, 3, 4}"
2018,1,15,10,0,"{2, 3, 4}"
2018,1,15,10,0,"{2, 3, 4}"
2018,1,15,10,0,"{2, 3, 4}"
2018,1,15,10,1,"{2, 3, 4}"
2018,1,15,10,1,"{2, 3, 4}"
2018,1,15,10,1,"{2, 3, 4}"
2018,1,15,11,0,"{2, 3, 4}"
2018,1,15,11,0,"{2, 3, 4}"
2018,1,15,11,0,"{2, 3, 4}"
2018,1,15,11,1,"{2, 3, 4}"
2018,1,15,11,1,"{2, 3, 4}"
2018,1,15,11,1,"{2, 3, 4}"
2018,1,15,12,0,"{2, 3, 4}"
2018,1,15,12,0,"{2, 3, 4}"
2018,1,15,12,0,"{2, 3, 4}"
2018,1,15,12,1,"{2, 3, 4}"
2018,1,15,12,1,"{2, 3, 4}"
2018,1,15,12,1,"{2, 3, 4}"
2018,1,15,13,0,"{2, 3, 4}"
2018,1,15,13,0,"{2, 3, 4}"
2018,1,15,13,0,"{2, 3, 4}"
2018,1,15,13,1,"{2, 3, 4}"
2018,1,15,13,1,"{2, 3, 4}"
2018,1,15,13,1,"{2, 3, 4}"
2018,1,15,14,0,"{2, 3, 4}"
2018,1,15,14,0,"{2, 3, 4}"
2018,1,15,14,0,"{2, 3, 4}"
2018,1,15,14,1,"{2, 3, 4}"
2018,1,15,14,1,"{2, 3, 4}"
2018,1,15,14,1,"{2, 3, 4}"
2018,1,15,15,0,"{2, 3, 4}"
2018,1,15,15,0,"{2, 3, 4}"
2018,1,15,15,0,"{2, 3, 4}"
2018,1,15,15,1,"{2, 3, 4}"
2018,1,15,15,1,"{2, 3, 4}"
2018,1,15,15,1,"{2, 3, 4}"
2018,1,15,16,0,"{2, 3, 4}"
2018,1,15,16,0,"{2, 3, 4}"
2018,1,15,16,0,"{2, 3, 4}"
2018,1,15,16,1,"{2, 3, 4}"
2018,1,15,16,1,"{2, 3, 4}"
2018,1,15,16,1,"{2, 3, 4}"
2018,1,15,17,0,"{2, 3, 4}"
2018,1,15,17,0,"{2, 3, 4}"
2018,1,15,17,0,"{2, 3, 4}"
2018,1,15,17,1,"{2, 3, 4}"
2018,1,15,17,1,"{2, 3, 4}"
2018,1,15,17,1,"{2, 3, 4}"
2018,1,15,18,0,"{2, 3, 4}"
2018,1,15,18,0,"{2, 3, 4}"
2018,1,15,18,0,"{2, 3, 4}"
2018,1,15,18,1,"{2, 3, 4}"
2018,1,15,18,1,"{2, 3, 4}"
2018,1,15,18,1,"{2, 3, 4}"
2018,1,15,19,0,"{2, 3, 4}"
2018,1,15,19,0,"{2, 3, 4}"
2018,1,15,19,0,"{2, 3, 4}"
2018,1,15,19,1,"{2, 3, 4}"
2018,1,15,19,1,"{2, 3, 4}"
2018,1,15,19,1,"{2, 3, 4}"
2018,1,15,20,0,"{2, 3, 4}"
2018,1,15,20,0,"{2, 3, 4}"
2018,1,15,20,0,"{2, 3, 4}"
2018,1,15,20,1,"{2, 3, 4}"
2018,1,15,20,1,"{2, 3, 4}"
2018,1,15,20,1,"{2, 3, 4}"
2018,1,15,21,0,"{2, 3, 4}"
2018,1,15,21,0,"{2, 3, 4}"
2018,1,15,21,0,"{2, 3, 4}"
2018,1,15,21,1,"{2, 3, 4}"
2018,1,15,21,1,"{2, 3, 4}"
2018,1,15,21,1,"{2, 3, 4}"
2018,1,15,22,0,"{2, 3, 4}"
2018,1,15,22,0,"{2, 3, 4}"
2018,1,15,22,0,"{2, 3, 4}"
2018,1,15,22,1,"{2, 3, 4}"
2018,1,15,22,1,"{2, 3, 4}"
2018,1,15,22,1,"{2, 3, 4}"
2018,1,15,23,0,"{2, 3, 4}"
2018,1,15,23,0,"{2, 3, 4}"
2018,1,15,23,0,"{2, 3, 4}"
2018,1,15,23,1,"{2, 3, 4}"
2018,1,15,23,1,"{2, 3, 4}"
2018,1,15,23,1,"{2, 3, 4}"
2018,1,16,0,0,"{2, 3, 4}"
2018,1,16,0,0,"{2, 3, 4}"
2018,1,16,0,0,"{2, 3, 4}"
2018,1,16,0,1,"{2, 3, 4}"
2018,1,16,0,1,"{2, 3, 4}"
2018,1,16,0,1,"{2, 3, 4}"
2018,1,16,1,0,"{2, 3, 4}"
2018,1,16,1,0,"{2, 3, 4}"
2018,1,16,1,0,"{2, 3, 4}"
2018,1,16,1,1,"{2, 3, 4}"
2018,1,16,1,1,"{2, 3, 4}"
2018,1,16,1,1,"{2, 3, 4}"
2018,1,16,2,0,"{2, 3, 4}"
2018,1,16,2,0,"{2, 3, 4}"
2018,1,16,2,0,"{2, 3, 4}"
2018,1,16,2,1,"{2, 3, 4}"
2018,1,16,2,1,"{2, 3, 4}"
2018,1,16,2,1,"{2, 3, 4}"
2018,1,16,3,0,"{2, 3, 4}"
2018,1,16,3,0,"{2, 3, 4}"
2018,1,16,3,0,"{2, 3, 4}"
2018,1,16,3,1,"{2, 3, 4}"
2018,1,16,3,1,"{2, 3, 4}"
2018,1,16,3,1,"{2, 3, 4}"
2018,1,16,4,0,"{2, 3, 4}"
2018,1,16,4,0,"{2, 3, 4}"
2018,1,16,4,0,"{2, 3, 4}"
2018,1,16,4,1,"{2, 3, 4}"
2018,1,16,4,1,"{2, 3, 4}"
2018,1,16,4,1,"{2, 3, 4}"
2018,1,16,5,0,"{2, 3, 4}"
2018,1,16,5,0,"{2, 3, 4}"
2018,1,16,5,0,"{2, 3, 4}"
2018,1,16,5,1,"{2, 3, 4}"
2018,1,16,5,1,"{2, 3, 4}"
2018,1,16,5,1,"{2, 3, 4}"
2018,1,16,6,0,"{2, 3, 4}"
2018,1,16,6,0,"{2, 3, 4}"
2018,1,16,6,0,"{2, 3, 4}"
2018,1,16,6,1,"{2, 3, 4}"
2018,1,16,6,1,"{2, 3, 4}"
2018,1,16,6,1,"{2, 3, 4}"
2018,1,16,7,0,"{2, 3, 4}"
2018,1,16,7,0,"{2, 3, 4}"
2018,1,16,7,0,"{2, 3, 4}"
2018,1,16,7,1,"{2, 3, 4}"
2018,1,16,7,1,"{2, 3, 4}"
2018,1,16,7,1,"{2, 3, 4}"
2018,1,16,8,0,"{2, 3, 4}"
2018,1,16,8,0,"{2, 3, 4}"
2018,1,16,8,0,"{2, 3, 4}"
2018,1,16,8,1,"{2, 3, 4}"
2018,1,16,8,1,"{2, 3, 4}"
2018,1,16,8,1,"{2, 3, 4}"
2018,1,16,9,0,"{2, 3, 4}"
2018,1,16,9,0,"{2, 3, 4}"
2018,1,16,9,0,"{2, 3, 4}"
2018,1,16,9,1,"{2, 3, 4}"
2018,1,16,9,1,"{2, 3, 4}"
2018,1,16,9,1,"{2, 3, 4}"
2018,1,16,10,0,"{2, 3, 4}"
2018,1,16,10,0,"{2, 3, 4}"
2018,1,16,10,0,"{2, 3, 4}"
2018,1,16,10,1,"{2, 3, 4}"
2018,1,16,10,1,"{2, 3, 4}"
2018,1,16,10,1,"{2, 3, 4}"
2018,1,16,11,0,"{2, 3, 4}"
2018,1,16,11,0,"{2, 3, 4}"
2018,1,16,11,0,"{2, 3, 4}"
2018,1,16,11,1,"{2, 3, 4}"
2018,1,16,11,1,"{2, 3, 4}"
2018,1,16,11,1,"{2, 3, 4}"
2018,1,16,12,0,"{2, 3, 4}"
2018,1,16,12,0,"{2, 3, 4}"
2018,1,16,12,0,"{2, 3, 4}"
2018,1,16,12,1,"{2, 3, 4}"
2018,1,16,12,1,"{2, 3, 4}"
2018,1,16,12,1,"{2, 3, 4}"
2018,1,16,13,0,"{2, 3, 4}"
2018,1,16,13,0,"{2, 3, 4}"
2018,1,16,13,0,"{2, 3, 4}"
2018,1,16,13,1,"{2, 3, 4}"
2018,1,16,13,1,"{2, 3, 4}"
2018,1,16,13,1,"{2, 3, 4}"
2018,1,16,14,0,"{2, 3, 4}"
2018,1,16,14,0,"{2, 3, 4}"
2018,1,16,14,0,"{2, 3, 4}"
2018,1,16,14,1,"{2, 3, 4}"
2018,1,16,14,1,"{2, 3, 4}"
2018,1,16,14,1,"{2, 3, 4}"
2018,1,16,15,0,"{2, 3, 4}"
2018,1,16,15,0,"{2, 3, 4}"
2018,1,16,15,0,"{2, 3, 4}"
2018,1,16,15,1,"{2, 3, 4}"
2018,1,16,15,1,"{2, 3, 4}"
2018,1,16,15,1,"{2, 3, 4}"
2018,1,16,16,0,"{2, 3, 4}"
2018,1,16,16,0,"{2, 3, 4}"
2018,1,16,16,0,"{2, 3, 4}"
2018,1,16,16,1,"{2, 3, 4}"
2018,1,16,16,1,"{2, 3, 4}"
2018,1,16,16,1,"{2, 3, 4}"
2018,1,16,17,1,"{2, 3, 4}"
2018,1,16,17,1,"{2, 3, 4}"
2018,1,16,17,1,"{2, 3, 4}"
2018,1,16,18,0,"{2, 3, 4}"
2018,1,16,18,0,"{2, 3, 4}"
2018,1,16,18,0,"{2, 3, 4}"
2018,1,16,18,1,"{2, 3, 4}"
2018,1,16,18,1,"{2, 3, 4}"
2018,1,16,18,1,"{2, 3, 4}"
2018,1,16,19,0,"{2, 3, 4}"
2018,1,16,19,0,"{2, 3, 4}"
2018,1,16,19,0,"{2, 3, 4}"
2018,1,16,19,1,"{2, 3, 4}"
2018,1,16,19,1,"{2, 3, 4}"
2018,1,16,19,1,"{2, 3, 4}"
2018,1,16,20,0,"{2, 3, 4}"
2018,1,16,20,0,"{2, 3, 4}"
2018,1,16,20,0,"{2, 3, 4}"
2018,1,16,20,1,"{2, 3, 4}"
2018,1,16,20,1,"{2, 3, 4}"
2018,1,16,20,1,"{2, 3, 4}"
2018,1,16,21,0,"{2, 3, 4}"
2018,1,16,21,0,"{2, 3, 4}"
2018,1,16,21,0,"{2, 3, 4}"
2018,1,16,21,1,"{2, 3, 4}"
2018,1,16,21,1,"{2, 3, 4}"
2018,1,16,21,1,"{2, 3, 4}"
2018,1,16,22,0,"{2, 3, 4}"
2018,1,16,22,0,"{2, 3, 4}"
2018,1,16,22,0,"{2, 3, 4}"
2018,1,16,22,1,"{2, 3, 4}"
2018,1,16,22,1,"{2, 3, 4}"
2018,1,16,22,1,"{2, 3, 4}"
2018,1,16,23,0,"{2, 3, 4}"
2018,1,16,23,0,"{2, 3, 4}"
2018,1,16,23,0,"{2, 3, 4}"
2018,1,16,23,1,"{2, 3, 4}"
2018,1,16,23,1,"{2, 3, 4}"
2018,1,16,23,1,"{2, 3, 4}"
2018,1,17,0,0,"{2, 3, 4}"
2018,1,17,0,0,"{2, 3, 4}"
2018,1,17,0,0,"{2, 3, 4}"
2018,1,17,0,1,"{2, 3, 4}"
2018,1,17,0,1,"{2, 3, 4}"
2018,1,17,0,1,"{2, 3, 4}"
2018,1,17,1,0,"{2, 3, 4}"
2018,1,17,1,0,"{2, 3, 4}"
2018,1,17,1,0,"{2, 3, 4}"
2018,1,17,1,1,"{2, 3, 4}"
2018,1,17,1,1,"{2, 3, 4}"
2018,1,17,1,1,"{2, 3, 4}"
2018,1,17,2,0,"{2, 3, 4}"
2018,1,17,2,0,"{2, 3, 4}"
2018,1,17,2,0,"{2, 3, 4}"
2018,1,17,2,1,"{2, 3, 4}"
2018,1,17,2,1,"{2, 3, 4}"
2018,1,17,2,1,"{2, 3, 4}"
2018,1,17,3,0,"{2, 3, 4}"
2018,1,17,3,0,"{2, 3, 4}"
2018,1,17,3,0,"{2, 3, 4}"
2018,1,17,3,1,"{2, 3, 4}"
2018,1,17,3,1,"{2, 3, 4}"
2018,1,17,3,1,"{2, 3, 4}"
2018,1,17,4,0,"{2, 3, 4}"
2018,1,17,4,0,"{2, 3, 4}"
2018,1,17,4,0,"{2, 3, 4}"
2018,1,17,4,1,"{2, 3, 4}"
2018,1,17,4,1,"{2, 3, 4}"
2018,1,17,4,1,"{2, 3, 4}"
2018,1,17,5,0,"{2, 3, 4}"
2018,1,17,5,0,"{2, 3, 4}"
2018,1,17,5,0,"{2, 3, 4}"
2018,1,17,5,1,"{2, 3, 4}"
2018,1,17,5,1,"{2, 3, 4}"
2018,1,17,5,1,"{2, 3, 4}"
2018,1,17,6,0,"{2, 3, 4}"
2018,1,17,6,0,"{2, 3, 4}"
2018,1,17,6,0,"{2, 3, 4}"
2018,1,17,6,1,"{2, 3, 4}"
2018,1,17,6,1,"{2, 3, 4}"
2018,1,17,6,1,"{2, 3, 4}"
2018,1,17,7,0,"{2, 3, 4}"
2018,1,17,7,0,"{2, 3, 4}"
2018,1,17,7,0,"{2, 3, 4}"
2018,1,17,7,1,"{2, 3, 4}"
2018,1,17,7,1,"{2, 3, 4}"
2018,1,17,7,1,"{2, 3, 4}"
2018,1,17,8,0,"{2, 3, 4}"
2018,1,17,8,0,"{2, 3, 4}"
2018,1,17,8,0,"{2, 3, 4}"
2018,1,17,8,1,"{2, 3, 4}"
2018,1,17,8,1,"{2, 3, 4}"
2018,1,17,8,1,"{2, 3, 4}"
2018,1,17,9,0,"{2, 3, 4}"
2018,1,17,9,0,"{2, 3, 4}"
2018,1,17,9,0,"{2, 3, 4}"
2018,1,17,9,1,"{2, 3, 4}"
2018,1,17,9,1,"{2, 3, 4}"
2018,1,17,9,1,"{2, 3, 4}"
2018,1,17,10,0,"{2, 3, 4}"
2018,1,17,10,0,"{2, 3, 4}"
2018,1,17,10,0,"{2, 3, 4}"
2018,1,17,10,1,"{2, 3, 4}"
2018,1,17,10,1,"{2, 3, 4}"
2018,1,17,10,1,"{2, 3, 4}"
2018,1,17,11,0,"{2, 3, 4}"
2018,1,17,11,0,"{2, 3, 4}"
2018,1,17,11,0,"{2, 3, 4}"
2018,1,17,11,1,"{2, 3, 4}"
2018,1,17,11,1,"{2, 3, 4}"
2018,1,17,11,1,"{2, 3, 4}"
2018,1,17,12,0,"{2, 3, 4}"
2018,1,17,12,0,"{2, 3, 4}"
2018,1,17,12,0,"{2, 3, 4}"
2018,1,17,12,1,"{2, 3, 4}"
2018,1,17,12,1,"{2, 3, 4}"
2018,1,17,12,1,"{2, 3, 4}"
2018,1,17,13,0,"{2, 3, 4}"
2018,1,17,13,0,"{2, 3, 4}"
2018,1,17,13,0,"{2, 3, 4}"
2018,1,17,13,1,"{2, 3, 4}"
2018,1,17,13,1,"{2, 3, 4}"
2018,1,17,13,1,"{2, 3, 4}"
2018,1,17,14,0,"{2, 3, 4}"
2018,1,17,14,0,"{2, 3, 4}"
2018,1,17,14,0,"{2, 3, 4}"
2018,1,17,14,1,"{2, 3, 4}"
2018,1,17,14,1,"{2, 3, 4}"
2018,1,17,14,1,"{2, 3, 4}"
2018,1,17,15,0,"{2, 3, 4}"
2018,1,17,15,0,"{2, 3, 4}"
2018,1,17,15,0,"{2, 3, 4}"
2018,1,17,15,1,"{2, 3, 4}"
2018,1,17,15,1,"{2, 3, 4}"
2018,1,17,15,1,"{2, 3, 4}"
2018,1,17,16,0,"{2, 3, 4}"
2018,1,17,16,0,"{2, 3, 4}"
2018,1,17,16,0,"{2, 3, 4}"
2018,1,17,16,1,"{2, 3, 4}"
2018,1,17,16,1,"{2, 3, 4}"
2018,1,17,16,1,"{2, 3, 4}"
2018,1,17,17,0,"{2, 3, 4}"
2018,1,17,17,0,"{2, 3, 4}"
2018,1,17,17,0,"{2, 3, 4}"
2018,1,17,17,1,"{2, 3, 4}"
2018,1,17,17,1,"{2, 3, 4}"
2018,1,17,17,1,"{2, 3, 4}"
2018,1,17,18,0,"{2, 3, 4}"
2018,1,17,18,0,"{2, 3, 4}"
2018,1,17,18,0,"{2, 3, 4}"
2018,1,17,18,1,"{2, 3, 4}"
2018,1,17,18,1,"{2, 3, 4}"
2018,1,17,18,1,"{2, 3, 4}"
2018,1,17,19,0,"{2, 3, 4}"
2018,1,17,19,0,"{2, 3, 4}"
2018,1,17,19,0,"{2, 3, 4}"
2018,1,17,19,1,"{2, 3, 4}"
2018,1,17,19,1,"{2, 3, 4}"
2018,1,17,19,1,"{2, 3, 4}"
2018,1,17,20,0,"{2, 3, 4}"
2018,1,17,20,0,"{2, 3, 4}"
2018,1,17,20,0,"{2, 3, 4}"
2018,1,17,20,1,"{2, 3, 4}"
2018,1,17,20,1,"{2, 3, 4}"
2018,1,17,20,1,"{2, 3, 4}"
2018,1,17,21,0,"{2, 3, 4}"
2018,1,17,21,0,"{2, 3, 4}"
2018,1,17,21,0,"{2, 3, 4}"
2018,1,17,21,1,"{2, 3, 4}"
2018,1,17,21,1,"{2, 3, 4}"
2018,1,17,21,1,"{2, 3, 4}"
2018,1,17,22,0,"{2, 3, 4}"
2018,1,17,22,0,"{2, 3, 4}"
2018,1,17,22,0,"{2, 3, 4}"
2018,1,17,22,1,"{2, 3, 4}"
2018,1,17,22,1,"{2, 3, 4}"
2018,1,17,22,1,"{2, 3, 4}"
2018,1,17,23,0,"{2, 3, 4}"
2018,1,17,23,0,"{2, 3, 4}"
2018,1,17,23,0,"{2, 3, 4}"
2018,1,17,23,1,"{2, 3, 4}"
2018,1,17,23,1,"{2, 3, 4}"
2018,1,17,23,1,"{2, 3, 4}"
2018,1,18,0,0,"{2, 3, 4}"
2018,1,18,0,0,"{2, 3, 4}"
2018,1,18,0,0,"{2, 3, 4}"
2018,1,18,0,1,"{2, 3, 4}"
2018,1,18,0,1,"{2, 3, 4}"
2018,1,18,0,1,"{2, 3, 4}"
2018,1,18,1,0,"{2, 3, 4}"
2018,1,18,1,0,"{2, 3, 4}"
2018,1,18,1,0,"{2, 3, 4}"
2018,1,18,1,1,"{2, 3, 4}"
2018,1,18,1,1,"{2, 3, 4}"
2018,1,18,1,1,"{2, 3, 4}"
2018,1,18,2,0,"{2, 3, 4}"
2018,1,18,2,0,"{2, 3, 4}"
2018,1,18,2,0,"{2, 3, 4}"
2018,1,18,2,1,"{2, 3, 4}"
2018,1,18,2,1,"{2, 3, 4}"
2018,1,18,2,1,"{2, 3, 4}"
2018,1,18,3,0,"{2, 3, 4}"
2018,1,18,3,0,"{2, 3, 4}"
2018,1,18,3,0,"{2, 3, 4}"
2018,1,18,3,1,"{2, 3, 4}"
2018,1,18,3,1,"{2, 3, 4}"
2018,1,18,3,1,"{2, 3, 4}"
2018,1,18,4,0,"{2, 3, 4}"
2018,1,18,4,0,"{2, 3, 4}"
2018,1,18,4,0,"{2, 3, 4}"
2018,1,18,4,1,"{2, 3, 4}"
2018,1,18,4,1,"{2, 3, 4}"
2018,1,18,4,1,"{2, 3, 4}"
2018,1,18,5,0,"{2, 3, 4}"
2018,1,18,5,0,"{2, 3, 4}"
2018,1,18,5,0,"{2, 3, 4}"
2018,1,18,5,1,"{2, 3, 4}"
2018,1,18,5,1,"{2, 3, 4}"
2018,1,18,5,1,"{2, 3, 4}"
2018,1,18,6,0,"{2, 3, 4}"
2018,1,18,6,0,"{2, 3, 4}"
2018,1,18,6,0,"{2, 3, 4}"
2018,1,18,6,1,"{2, 3, 4}"
2018,1,18,6,1,"{2, 3, 4}"
2018,1,18,6,1,"{2, 3, 4}"
2018,1,18,7,0,"{2, 3, 4}"
2018,1,18,7,0,"{2, 3, 4}"
2018,1,18,7,0,"{2, 3, 4}"
2018,1,18,7,1,"{2, 3, 4}"
2018,1,18,7,1,"{2, 3, 4}"
2018,1,18,7,1,"{2, 3, 4}"
2018,1,18,8,0,"{2, 3, 4}"
2018,1,18,8,0,"{2, 3, 4}"
2018,1,18,8,0,"{2, 3, 4}"
2018,1,18,8,1,"{2, 3, 4}"
2018,1,18,8,1,"{2, 3, 4}"
2018,1,18,8,1,"{2, 3, 4}"
2018,1,18,9,0,"{2, 3, 4}"
2018,1,18,9,0,"{2, 3, 4}"
2018,1,18,9,0,"{2, 3, 4}"
2018,1,18,9,1,"{2, 3, 4}"
2018,1,18,9,1,"{2, 3, 4}"
2018,1,18,9,1,"{2, 3, 4}"
2018,1,18,10,0,"{2, 3, 4}"
2018,1,18,10,0,"{2, 3, 4}"
2018,1,18,10,0,"{2, 3, 4}"
2018,1,18,10,1,"{2, 3, 4}"
2018,1,18,10,1,"{2, 3, 4}"
2018,1,18,10,1,"{2, 3, 4}"
2018,1,18,11,0,"{2, 3, 4}"
2018,1,18,11,0,"{2, 3, 4}"
2018,1,18,11,0,"{2, 3, 4}"
2018,1,18,11,1,"{2, 3, 4}"
2018,1,18,11,1,"{2, 3, 4}"
2018,1,18,11,1,"{2, 3, 4}"
2018,1,18,12,0,"{2, 3, 4}"
2018,1,18,12,0,"{2, 3, 4}"
2018,1,18,12,0,"{2, 3, 4}"
2018,1,18,12,1,"{2, 3, 4}"
2018,1,18,12,1,"{2, 3, 4}"
2018,1,18,12,1,"{2, 3, 4}"
2018,1,18,13,0,"{2, 3, 4}"
2018,1,18,13,0,"{2, 3, 4}"
2018,1,18,13,0,"{2, 3, 4}"
2018,1,18,13,1,"{2, 3, 4}"
2018,1,18,13,1,"{2, 3, 4}"
2018,1,18,13,1,"{2, 3, 4}"
2018,1,18,14,0,"{2, 3, 4}"
2018,1,18,14,0,"{2, 3, 4}"
2018,1,18,14,0,"{2, 3, 4}"
2018,1,18,14,1,"{2, 3, 4}"
2018,1,18,14,1,"{2, 3, 4}"
2018,1,18,14,1,"{2, 3, 4}"
2018,1,18,15,0,"{2, 3, 4}"
2018,1,18,15,0,"{2, 3, 4}"
2018,1,18,15,0,"{2, 3, 4}"
2018,1,18,15,1,"{2, 3, 4}"
2018,1,18,15,1,"{2, 3, 4}"
2018,1,18,15,1,"{2, 3, 4}"
2018,1,18,16,0,"{2, 3, 4}"
2018,1,18,16,0,"{2, 3, 4}"
2018,1,18,16,0,"{2, 3, 4}"
2018,1,18,16,1,"{2, 3, 4}"
2018,1,18,16,1,"{2, 3, 4}"
2018,1,18,16,1,"{2, 3, 4}"
2018,1,18,17,0,"{2, 3, 4}"
2018,1,18,17,0,"{2, 3, 4}"
2018,1,18,17,0,"{2, 3, 4}"
2018,1,18,17,1,"{2, 3, 4}"
2018,1,18,17,1,"{2, 3, 4}"
2018,1,18,17,1,"{2, 3, 4}"
2018,1,18,18,0,"{2, 3, 4}"
2018,1,18,18,0,"{2, 3, 4}"
2018,1,18,18,0,"{2, 3, 4}"
2018,1,18,18,1,"{2, 3, 4}"
2018,1,18,18,1,"{2, 3, 4}"
2018,1,18,18,1,"{2, 3, 4}"
2018,1,18,19,0,"{2, 3, 4}"
2018,1,18,19,0,"{2, 3, 4}"
2018,1,18,19,0,"{2, 3, 4}"
2018,1,18,19,1,"{2, 3, 4}"
2018,1,18,19,1,"{2, 3, 4}"
2018,1,18,19,1,"{2, 3, 4}"
2018,1,18,20,0,"{2, 3, 4}"
2018,1,18,20,0,"{2, 3, 4}"
2018,1,18,20,0,"{2, 3, 4}"
2018,1,18,20,1,"{2, 3, 4}"
2018,1,18,20,1,"{2, 3, 4}"
2018,1,18,20,1,"{2, 3, 4}"
2018,1,18,21,0,"{2, 3, 4}"
2018,1,18,21,0,"{2, 3, 4}"
2018,1,18,21,0,"{2, 3, 4}"
2018,1,18,21,1,"{2, 3, 4}"
2018,1,18,21,1,"{2, 3, 4}"
2018,1,18,21,1,"{2, 3, 4}"
2018,1,18,22,0,"{2, 3, 4}"
2018,1,18,22,0,"{2, 3, 4}"
2018,1,18,22,0,"{2, 3, 4}"
2018,1,18,22,1,"{2, 3, 4}"
2018,1,18,22,1,"{2, 3, 4}"
2018,1,18,22,1,"{2, 3, 4}"
2018,1,18,23,0,"{2, 3, 4}"
2018,1,18,23,0,"{2, 3, 4}"
2018,1,18,23,0,"{2, 3, 4}"
2018,1,18,23,1,"{2, 3, 4}"
2018,1,18,23,1,"{2, 3, 4}"
2018,1,18,23,1,"{2, 3, 4}"
2018,1,19,0,0,"{2, 3, 4}"
2018,1,19,0,0,"{2, 3, 4}"
2018,1,19,0,0,"{2, 3, 4}"
2018,1,19,0,1,"{2, 3, 4}"
2018,1,19,0,1,"{2, 3, 4}"
2018,1,19,0,1,"{2, 3, 4}"
2018,1,19,1,0,"{2, 3, 4}"
2018,1,19,1,0,"{2, 3, 4}"
2018,1,19,1,0,"{2, 3, 4}"
2018,1,19,1,1,"{2, 3, 4}"
2018,1,19,1,1,"{2, 3, 4}"
2018,1,19,1,1,"{2, 3, 4}"
2018,1,19,2,0,"{2, 3, 4}"
2018,1,19,2,0,"{2, 3, 4}"
2018,1,19,2,0,"{2, 3, 4}"
2018,1,19,2,1,"{2, 3, 4}"
2018,1,19,2,1,"{2, 3, 4}"
2018,1,19,2,1,"{2, 3, 4}"
2018,1,19,3,0,"{2, 3, 4}"
2018,1,19,3,0,"{2, 3, 4}"
2018,1,19,3,0,"{2, 3, 4}"
2018,1,19,3,1,"{2, 3, 4}"
2018,1,19,3,1,"{2, 3, 4}"
2018,1,19,3,1,"{2, 3, 4}"
2018,1,19,4,0,"{2, 3, 4}"
2018,1,19,4,0,"{2, 3, 4}"
2018,1,19,4,0,"{2, 3, 4}"
2018,1,19,4,1,"{2, 3, 4}"
2018,1,19,4,1,"{2, 3, 4}"
2018,1,19,4,1,"{2, 3, 4}"
2018,1,19,5,0,"{2, 3, 4}"
2018,1,19,5,0,"{2, 3, 4}"
2018,1,19,5,0,"{2, 3, 4}"
2018,1,19,5,1,"{2, 3, 4}"
2018,1,19,5,1,"{2, 3, 4}"
2018,1,19,5,1,"{2, 3, 4}"
2018,1,19,6,0,"{2, 3, 4}"
2018,1,19,6,0,"{2, 3, 4}"
2018,1,19,6,0,"{2, 3, 4}"
2018,1,19,6,1,"{2, 3, 4}"
2018,1,19,6,1,"{2, 3, 4}"
2018,1,19,6,1,"{2, 3, 4}"
2018,1,19,7,0,"{2, 3, 4}"
2018,1,19,7,0,"{2, 3, 4}"
2018,1,19,7,0,"{2, 3, 4}"
2018,1,19,7,1,"{2, 3, 4}"
2018,1,19,7,1,"{2, 3, 4}"
2018,1,19,7,1,"{2, 3, 4}"
2018,1,19,8,0,"{2, 3, 4}"
2018,1,19,8,0,"{2, 3, 4}"
2018,1,19,8,0,"{2, 3, 4}"
2018,1,19,8,1,"{2, 3, 4}"
2018,1,19,8,1,"{2, 3, 4}"
2018,1,19,8,1,"{2, 3, 4}"
2018,1,19,9,0,"{2, 3, 4}"
2018,1,19,9,0,"{2, 3, 4}"
2018,1,19,9,0,"{2, 3, 4}"
2018,1,19,9,1,"{2, 3, 4}"
2018,1,19,9,1,"{2, 3, 4}"
2018,1,19,9,1,"{2, 3, 4}"
2018,1,19,10,0,"{2, 3, 4}"
2018,1,19,10,0,"{2, 3, 4}"
2018,1,19,10,0,"{2, 3, 4}"
2018,1,19,10,1,"{2, 3, 4}"
2018,1,19,10,1,"{2, 3, 4}"
2018,1,19,10,1,"{2, 3, 4}"
2018,1,19,11,0,"{2, 3, 4}"
2018,1,19,11,0,"{2, 3, 4}"
2018,1,19,11,0,"{2, 3, 4}"
2018,1,19,11,1,"{2, 3, 4}"
2018,1,19,11,1,"{2, 3, 4}"
2018,1,19,11,1,"{2, 3, 4}"
2018,1,19,12,0,"{2, 3, 4}"
2018,1,19,12,0,"{2, 3, 4}"
2018,1,19,12,0,"{2, 3, 4}"
2018,1,19,12,1,"{2, 3, 4}"
2018,1,19,12,1,"{2, 3, 4}"
2018,1,19,12,1,"{2, 3, 4}"
2018,1,19,13,0,"{2, 3, 4}"
2018,1,19,13,0,"{2, 3, 4}"
2018,1,19,13,0,"{2, 3, 4}"
2018,1,19,13,1,"{2, 3, 4}"
2018,1,19,13,1,"{2, 3, 4}"
2018,1,19,13,1,"{2, 3, 4}"
2018,1,19,14,0,"{2, 3, 4}"
2018,1,19,14,0,"{2, 3, 4}"
2018,1,19,14,0,"{2, 3, 4}"
2018,1,19,14,1,"{2, 3, 4}"
2018,1,19,14,1,"{2, 3, 4}"
2018,1,19,14,1,"{2, 3, 4}"
2018,1,19,15,0,"{2, 3, 4}"
2018,1,19,15,0,"{2, 3, 4}"
2018,1,19,15,0,"{2, 3, 4}"
2018,1,19,15,1,"{2, 3, 4}"
2018,1,19,15,1,"{2, 3, 4}"
2018,1,19,15,1,"{2, 3, 4}"
2018,1,19,16,0,"{2, 3, 4}"
2018,1,19,16,0,"{2, 3, 4}"
2018,1,19,16,0,"{2, 3, 4}"
2018,1,19,16,1,"{2, 3, 4}"
2018,1,19,16,1,"{2, 3, 4}"
2018,1,19,16,1,"{2, 3, 4}"
2018,1,19,17,0,"{2, 3, 4}"
2018,1,19,17,0,"{2, 3, 4}"
2018,1,19,17,0,"{2, 3, 4}"
2018,1,19,17,1,"{2, 3, 4}"
2018,1,19,17,1,"{2, 3, 4}"
2018,1,19,17,1,"{2, 3, 4}"
2018,1,19,18,0,"{2, 3, 4}"
2018,1,19,18,0,"{2, 3, 4}"
2018,1,19,18,0,"{2, 3, 4}"
2018,1,19,18,1,"{2, 3, 4}"
2018,1,19,18,1,"{2, 3, 4}"
2018,1,19,18,1,"{2, 3, 4}"
2018,1,19,19,0,"{2, 3, 4}"
2018,1,19,19,0,"{2, 3, 4}"
2018,1,19,19,0,"{2, 3, 4}"
2018,1,19,19,1,"{2, 3, 4}"
2018,1,19,19,1,"{2, 3, 4}"
2018,1,19,19,1,"{2, 3, 4}"
2018,1,19,20,0,"{2, 3, 4}"
2018,1,19,20,0,"{2, 3, 4}"
2018,1,19,20,0,"{2, 3, 4}"
2018,1,19,20,1,"{2, 3, 4}"
2018,1,19,20,1,"{2, 3, 4}"
2018,1,19,20,1,"{2, 3, 4}"
2018,1,19,21,0,"{2, 3, 4}"
2018,1,19,21,0,"{2, 3, 4}"
2018,1,19,21,0,"{2, 3, 4}"
2018,1,19,21,1,"{2, 3, 4}"
2018,1,19,21,1,"{2, 3, 4}"
2018,1,19,21,1,"{2, 3, 4}"
2018,1,19,22,0,"{2, 3, 4}"
2018,1,19,22,0,"{2, 3, 4}"
2018,1,19,22,0,"{2, 3, 4}"
2018,1,19,22,1,"{2, 3, 4}"
2018,1,19,22,1,"{2, 3, 4}"
2018,1,19,22,1,"{2, 3, 4}"
2018,1,19,23,0,"{2, 3, 4}"
2018,1,19,23,0,"{2, 3, 4}"
2018,1,19,23,0,"{2, 3, 4}"
2018,1,19,23,1,"{2, 3, 4}"
2018,1,19,23,1,"{2, 3, 4}"
2018,1,19,23,1,"{2, 3, 4}"
2018,1,20,0,0,"{2, 3, 4}"
2018,1,20,0,0,"{2, 3, 4}"
2018,1,20,0,0,"{2, 3, 4}"
2018,1,20,0,1,"{2, 3, 4}"
2018,1,20,0,1,"{2, 3, 4}"
2018,1,20,0,1,"{2, 3, 4}"
2018,1,20,1,0,"{2, 3, 4}"
2018,1,20,1,0,"{2, 3, 4}"
2018,1,20,1,0,"{2, 3, 4}"
2018,1,20,1,1,"{2, 3, 4}"
2018,1,20,1,1,"{2, 3, 4}"
2018,1,20,1,1,"{2, 3, 4}"
2018,1,20,2,0,"{2, 3, 4}"
2018,1,20,2,0,"{2, 3, 4}"
2018,1,20,2,0,"{2, 3, 4}"
2018,1,20,2,1,"{2, 3, 4}"
2018,1,20,2,1,"{2, 3, 4}"
2018,1,20,2,1,"{2, 3, 4}"
2018,1,20,3,0,"{2, 3, 4}"
2018,1,20,3,0,"{2, 3, 4}"
2018,1,20,3,0,"{2, 3, 4}"
2018,1,20,3,1,"{2, 3, 4}"
2018,1,20,3,1,"{2, 3, 4}"
2018,1,20,3,1,"{2, 3, 4}"
2018,1,20,4,0,"{2, 3, 4}"
2018,1,20,4,0,"{2, 3, 4}"
2018,1,20,4,0,"{2, 3, 4}"
2018,1,20,4,1,"{2, 3, 4}"
2018,1,20,4,1,"{2, 3, 4}"
2018,1,20,4,1,"{2, 3, 4}"
2018,1,20,5,0,"{2, 3, 4}"
2018,1,20,5,0,"{2, 3, 4}"
2018,1,20,5,0,"{2, 3, 4}"
2018,1,20,5,1,"{2, 3, 4}"
2018,1,20,5,1,"{2, 3, 4}"
2018,1,20,5,1,"{2, 3, 4}"
2018,1,20,6,0,"{2, 3, 4}"
2018,1,20,6,0,"{2, 3, 4}"
2018,1,20,6,0,"{2, 3, 4}"
2018,1,20,6,1,"{2, 3, 4}"
2018,1,20,6,1,"{2, 3, 4}"
2018,1,20,6,1,"{2, 3, 4}"
2018,1,20,7,0,"{2, 3, 4}"
2018,1,20,7,0,"{2, 3, 4}"
2018,1,20,7,0,"{2, 3, 4}"
2018,1,20,7,1,"{2, 3, 4}"
2018,1,20,7,1,"{2, 3, 4}"
2018,1,20,7,1,"{2, 3, 4}"
2018,1,20,8,0,"{2, 3, 4}"
2018,1,20,8,0,"{2, 3, 4}"
2018,1,20,8,0,"{2, 3, 4}"
2018,1,20,8,1,"{2, 3, 4}"
2018,1,20,8,1,"{2, 3, 4}"
2018,1,20,8,1,"{2, 3, 4}"
2018,1,20,9,0,"{2, 3, 4}"
2018,1,20,9,0,"{2, 3, 4}"
2018,1,20,9,0,"{2, 3, 4}"
2018,1,20,9,1,"{2, 3, 4}"
2018,1,20,9,1,"{2, 3, 4}"
2018,1,20,9,1,"{2, 3, 4}"
2018,1,20,10,0,"{2, 3, 4}"
2018,1,20,10,0,"{2, 3, 4}"
2018,1,20,10,0,"{2, 3, 4}"
2018,1,20,10,1,"{2, 3, 4}"
2018,1,20,10,1,"{2, 3, 4}"
2018,1,20,10,1,"{2, 3, 4}"
2018,1,20,11,0,"{2, 3, 4}"
2018,1,20,11,0,"{2, 3, 4}"
2018,1,20,11,0,"{2, 3, 4}"
2018,1,20,11,1,"{2, 3, 4}"
2018,1,20,11,1,"{2, 3, 4}"
2018,1,20,11,1,"{2, 3, 4}"
2018,1,20,12,0,"{2, 3, 4}"
2018,1,20,12,0,"{2, 3, 4}"
2018,1,20,12,0,"{2, 3, 4}"
2018,1,20,12,1,"{2, 3, 4}"
2018,1,20,12,1,"{2, 3, 4}"
2018,1,20,12,1,"{2, 3, 4}"
2018,1,20,13,0,"{2, 3, 4}"
2018,1,20,13,0,"{2, 3, 4}"
2018,1,20,13,0,"{2, 3, 4}"
2018,1,20,13,1,"{2, 3, 4}"
2018,1,20,13,1,"{2, 3, 4}"
2018,1,20,13,1,"{2, 3, 4}"
2018,1,20,14,0,"{2, 3, 4}"
2018,1,20,14,0,"{2, 3, 4}"
2018,1,20,14,0,"{2, 3, 4}"
2018,1,20,14,1,"{2, 3, 4}"
2018,1,20,14,1,"{2, 3, 4}"
2018,1,20,14,1,"{2, 3, 4}"
2018,1,20,15,0,"{2, 3, 4}"
2018,1,20,15,0,"{2, 3, 4}"
2018,1,20,15,0,"{2, 3, 4}"
2018,1,20,15,1,"{2, 3, 4}"
2018,1,20,15,1,"{2, 3, 4}"
2018,1,20,15,1,"{2, 3, 4}"
2018,1,20,16,0,"{2, 3, 4}"
2018,1,20,16,0,"{2, 3, 4}"
2018,1,20,16,0,"{2, 3, 4}"
2018,1,20,16,1,"{2, 3, 4}"
2018,1,20,16,1,"{2, 3, 4}"
2018,1,20,16,1,"{2, 3, 4}"
2018,1,20,17,0,"{2, 3, 4}"
2018,1,20,17,0,"{2, 3, 4}"
2018,1,20,17,0,"{2, 3, 4}"
2018,1,20,17,1,"{2, 3, 4}"
2018,1,20,17,1,"{2, 3, 4}"
2018,1,20,17,1,"{2, 3, 4}"
2018,1,20,18,0,"{2, 3, 4}"
2018,1,20,18,0,"{2, 3, 4}"
2018,1,20,18,0,"{2, 3, 4}"
2018,1,20,18,1,"{2, 3, 4}"
2018,1,20,18,1,"{2, 3, 4}"
2018,1,20,18,1,"{2, 3, 4}"
2018,1,20,19,0,"{2, 3, 4}"
2018,1,20,19,0,"{2, 3, 4}"
2018,1,20,19,0,"{2, 3, 4}"
2018,1,20,19,1,"{2, 3, 4}"
2018,1,20,19,1,"{2, 3, 4}"
2018,1,20,19,1,"{2, 3, 4}"
2018,1,20,20,0,"{2, 3, 4}"
2018,1,20,20,0,"{2, 3, 4}"
2018,1,20,20,0,"{2, 3, 4}"
2018,1,20,20,1,"{2, 3, 4}"
2018,1,20,20,1,"{2, 3, 4}"
2018,1,20,20,1,"{2, 3, 4}"
2018,1,20,21,0,"{2, 3, 4}"
2018,1,20,21,0,"{2, 3, 4}"
2018,1,20,21,0,"{2, 3, 4}"
2018,1,20,21,1,"{2, 3, 4}"
2018,1,20,21,1,"{2, 3, 4}"
2018,1,20,21,1,"{2, 3, 4}"
2018,1,20,22,0,"{2, 3, 4}"
2018,1,20,22,0,"{2, 3, 4}"
2018,1,20,22,0,"{2, 3, 4}"
2018,1,20,22,1,"{2, 3, 4}"
2018,1,20,22,1,"{2, 3, 4}"
2018,1,20,22,1,"{2, 3, 4}"
2018,1,20,23,0,"{2, 3, 4}"
2018,1,20,23,0,"{2, 3, 4}"
2018,1,20,23,0,"{2, 3, 4}"
2018,1,20,23,1,"{2, 3, 4}"
2018,1,20,23,1,"{2, 3, 4}"
2018,1,20,23,1,"{2, 3, 4}"
2018,1,21,0,0,"{2, 3, 4}"
2018,1,21,0,0,"{2, 3, 4}"
2018,1,21,0,0,"{2, 3, 4}"
2018,1,21,0,1,"{2, 3, 4}"
2018,1,21,0,1,"{2, 3, 4}"
2018,1,21,0,1,"{2, 3, 4}"
2018,1,21,1,0,"{2, 3, 4}"
2018,1,21,1,0,"{2, 3, 4}"
2018,1,21,1,0,"{2, 3, 4}"
2018,1,21,1,1,"{2, 3, 4}"
2018,1,21,1,1,"{2, 3, 4}"
2018,1,21,1,1,"{2, 3, 4}"
2018,1,21,2,0,"{2, 3, 4}"
2018,1,21,2,0,"{2, 3, 4}"
2018,1,21,2,0,"{2, 3, 4}"
2018,1,21,2,1,"{2, 3, 4}"
2018,1,21,2,1,"{2, 3, 4}"
2018,1,21,2,1,"{2, 3, 4}"
2018,1,21,3,0,"{2, 3, 4}"
2018,1,21,3,0,"{2, 3, 4}"
2018,1,21,3,0,"{2, 3, 4}"
2018,1,21,3,1,"{2, 3, 4}"
2018,1,21,3,1,"{2, 3, 4}"
2018,1,21,3,1,"{2, 3, 4}"
2018,1,21,4,0,"{2, 3, 4}"
2018,1,21,4,0,"{2, 3, 4}"
2018,1,21,4,0,"{2, 3, 4}"
2018,1,21,4,1,"{2, 3, 4}"
2018,1,21,4,1,"{2, 3, 4}"
2018,1,21,4,1,"{2, 3, 4}"
2018,1,21,5,0,"{2, 3, 4}"
2018,1,21,5,0,"{2, 3, 4}"
2018,1,21,5,0,"{2, 3, 4}"
2018,1,21,5,1,"{2, 3, 4}"
2018,1,21,5,1,"{2, 3, 4}"
2018,1,21,5,1,"{2, 3, 4}"
2018,1,21,6,0,"{2, 3, 4}"
2018,1,21,6,0,"{2, 3, 4}"
2018,1,21,6,0,"{2, 3, 4}"
2018,1,21,6,1,"{2, 3, 4}"
2018,1,21,6,1,"{2, 3, 4}"
2018,1,21,6,1,"{2, 3, 4}"
2018,1,21,7,0,"{2, 3, 4}"
2018,1,21,7,0,"{2, 3, 4}"
2018,1,21,7,0,"{2, 3, 4}"
2018,1,21,7,1,"{2, 3, 4}"
2018,1,21,7,1,"{2, 3, 4}"
2018,1,21,7,1,"{2, 3, 4}"
2018,1,21,8,0,"{2, 3, 4}"
2018,1,21,8,0,"{2, 3, 4}"
2018,1,21,8,0,"{2, 3, 4}"
2018,1,21,8,1,"{2, 3, 4}"
2018,1,21,8,1,"{2, 3, 4}"
2018,1,21,8,1,"{2, 3, 4}"
2018,1,21,9,0,"{2, 3, 4}"
2018,1,21,9,0,"{2, 3, 4}"
2018,1,21,9,0,"{2, 3, 4}"
2018,1,21,9,1,"{2, 3, 4}"
2018,1,21,9,1,"{2, 3, 4}"
2018,1,21,9,1,"{2, 3, 4}"
2018,1,21,10,0,"{2, 3, 4}"
2018,1,21,10,0,"{2, 3, 4}"
2018,1,21,10,0,"{2, 3, 4}"
2018,1,21,10,1,"{2, 3, 4}"
2018,1,21,10,1,"{2, 3, 4}"
2018,1,21,10,1,"{2, 3, 4}"
2018,1,21,11,0,"{2, 3, 4}"
2018,1,21,11,0,"{2, 3, 4}"
2018,1,21,11,0,"{2, 3, 4}"
2018,1,21,11,1,"{2, 3, 4}"
2018,1,21,11,1,"{2, 3, 4}"
2018,1,21,11,1,"{2, 3, 4}"
2018,1,21,12,0,"{2, 3, 4}"
2018,1,21,12,0,"{2, 3, 4}"
2018,1,21,12,0,"{2, 3, 4}"
2018,1,21,12,1,"{2, 3, 4}"
2018,1,21,12,1,"{2, 3, 4}"
2018,1,21,12,1,"{2, 3, 4}"
2018,1,21,13,0,"{2, 3, 4}"
2018,1,21,13,0,"{2, 3, 4}"
2018,1,21,13,0,"{2, 3, 4}"
2018,1,21,13,1,"{2, 3, 4}"
2018,1,21,13,1,"{2, 3, 4}"
2018,1,21,13,1,"{2, 3, 4}"
2018,1,21,14,0,"{2, 3, 4}"
2018,1,21,14,0,"{2, 3, 4}"
2018,1,21,14,0,"{2, 3, 4}"
2018,1,21,14,1,"{2, 3, 4}"
2018,1,21,14,1,"{2, 3, 4}"
2018,1,21,14,1,"{2, 3, 4}"
2018,1,21,15,0,"{2, 3, 4}"
2018,1,21,15,0,"{2, 3, 4}"
2018,1,21,15,0,"{2, 3, 4}"
2018,1,21,15,1,"{2, 3, 4}"
2018,1,21,15,1,"{2, 3, 4}"
2018,1,21,15,1,"{2, 3, 4}"
2018,1,21,16,0,"{2, 3, 4}"
2018,1,21,16,0,"{2, 3, 4}"
2018,1,21,16,0,"{2, 3, 4}"
2018,1,21,16,1,"{2, 3, 4}"
2018,1,21,16,1,"{2, 3, 4}"
2018,1,21,16,1,"{2, 3, 4}"
2018,1,21,17,0,"{2, 3, 4}"
2018,1,21,17,0,"{2, 3, 4}"
2018,1,21,17,0,"{2, 3, 4}"
2018,1,21,17,1,"{2, 3, 4}"
2018,1,21,17,1,"{2, 3, 4}"
2018,1,21,17,1,"{2, 3, 4}"
2018,1,21,18,0,"{2, 3, 4}"
2018,1,21,18,0,"{2, 3, 4}"
2018,1,21,18,0,"{2, 3, 4}"
2018,1,21,18,1,"{2, 3, 4}"
2018,1,21,18,1,"{2, 3, 4}"
2018,1,21,18,1,"{2, 3, 4}"
2018,1,21,19,0,"{2, 3, 4}"
2018,1,21,19,0,"{2, 3, 4}"
2018,1,21,19,0,"{2, 3, 4}"
2018,1,21,19,1,"{2, 3, 4}"
2018,1,21,19,1,"{2, 3, 4}"
2018,1,21,19,1,"{2, 3, 4}"
2018,1,21,20,0,"{2, 3, 4}"
2018,1,21,20,0,"{2, 3, 4}"
2018,1,21,20,0,"{2, 3, 4}"
2018,1,21,20,1,"{2, 3, 4}"
2018,1,21,20,1,"{2, 3, 4}"
2018,1,21,20,1,"{2, 3, 4}"
2018,1,21,21,0,"{2, 3, 4}"
2018,1,21,21,0,"{2, 3, 4}"
2018,1,21,21,0,"{2, 3, 4}"
2018,1,21,21,1,"{2, 3, 4}"
2018,1,21,21,1,"{2, 3, 4}"
2018,1,21,21,1,"{2, 3, 4}"
2018,1,21,22,0,"{2, 3, 4}"
2018,1,21,22,0,"{2, 3, 4}"
2018,1,21,22,0,"{2, 3, 4}"
2018,1,21,22,1,"{2, 3, 4}"
2018,1,21,22,1,"{2, 3, 4}"
2018,1,21,22,1,"{2, 3, 4}"
2018,1,21,23,0,"{2, 3, 4}"
2018,1,21,23,0,"{2, 3, 4}"
2018,1,21,23,0,"{2, 3, 4}"
2018,1,21,23,1,"{2, 3, 4}"
2018,1,21,23,1,"{2, 3, 4}"
2018,1,21,23,1,"{2, 3, 4}"
2018,1,22,0,0,"{2, 3, 4}"
2018,1,22,0,0,"{2, 3, 4}"
2018,1,22,0,0,"{2, 3, 4}"
2018,1,22,0,1,"{2, 3, 4}"
2018,1,22,0,1,"{2, 3, 4}"
2018,1,22,0,1,"{2, 3, 4}"
2018,1,22,1,0,"{2, 3, 4}"
2018,1,22,1,0,"{2, 3, 4}"
2018,1,22,1,0,"{2, 3, 4}"
2018,1,22,1,1,"{2, 3, 4}"
2018,1,22,1,1,"{2, 3, 4}"
2018,1,22,1,1,"{2, 3, 4}"
2018,1,22,2,0,"{2, 3, 4}"
2018,1,22,2,0,"{2, 3, 4}"
2018,1,22,2,0,"{2, 3, 4}"
2018,1,22,2,1,"{2, 3, 4}"
2018,1,22,2,1,"{2, 3, 4}"
2018,1,22,2,1,"{2, 3, 4}"
2018,1,22,3,0,"{2, 3, 4}"
2018,1,22,3,0,"{2, 3, 4}"
2018,1,22,3,0,"{2, 3, 4}"
2018,1,22,3,1,"{2, 3, 4}"
2018,1,22,3,1,"{2, 3, 4}"
2018,1,22,3,1,"{2, 3, 4}"
2018,1,22,4,0,"{2, 3, 4}"
2018,1,22,4,0,"{2, 3, 4}"
2018,1,22,4,0,"{2, 3, 4}"
2018,1,22,4,1,"{2, 3, 4}"
2018,1,22,4,1,"{2, 3, 4}"
2018,1,22,4,1,"{2, 3, 4}"
2018,1,22,5,0,"{2, 3, 4}"
2018,1,22,5,0,"{2, 3, 4}"
2018,1,22,5,0,"{2, 3, 4}"
2018,1,22,5,1,"{2, 3, 4}"
2018,1,22,5,1,"{2, 3, 4}"
2018,1,22,5,1,"{2, 3, 4}"
2018,1,22,6,0,"{2, 3, 4}"
2018,1,22,6,0,"{2, 3, 4}"
2018,1,22,6,0,"{2, 3, 4}"
2018,1,22,6,1,"{2, 3, 4}"
2018,1,22,6,1,"{2, 3, 4}"
2018,1,22,6,1,"{2, 3, 4}"
2018,1,22,7,0,"{2, 3, 4}"
2018,1,22,7,0,"{2, 3, 4}"
2018,1,22,7,0,"{2, 3, 4}"
2018,1,22,7,1,"{2, 3, 4}"
2018,1,22,7,1,"{2, 3, 4}"
2018,1,22,7,1,"{2, 3, 4}"
2018,1,22,8,0,"{2, 3, 4}"
2018,1,22,8,0,"{2, 3, 4}"
2018,1,22,8,0,"{2, 3, 4}"
2018,1,22,8,1,"{2, 3, 4}"
2018,1,22,8,1,"{2, 3, 4}"
2018,1,22,8,1,"{2, 3, 4}"
2018,1,22,9,0,"{2, 3, 4}"
2018,1,22,9,0,"{2, 3, 4}"
2018,1,22,9,0,"{2, 3, 4}"
2018,1,22,9,1,"{2, 3, 4}"
2018,1,22,9,1,"{2, 3, 4}"
2018,1,22,9,1,"{2, 3, 4}"
2018,1,22,10,0,"{2, 3, 4}"
2018,1,22,10,0,"{2, 3, 4}"
2018,1,22,10,0,"{2, 3, 4}"
2018,1,22,10,1,"{2, 3, 4}"
2018,1,22,10,1,"{2, 3, 4}"
2018,1,22,10,1,"{2, 3, 4}"
2018,1,22,11,0,"{2, 3, 4}"
2018,1,22,11,0,"{2, 3, 4}"
2018,1,22,11,0,"{2, 3, 4}"
2018,1,22,11,1,"{2, 3, 4}"
2018,1,22,11,1,"{2, 3, 4}"
2018,1,22,11,1,"{2, 3, 4}"
2018,1,22,12,0,"{2, 3, 4}"
2018,1,22,12,0,"{2, 3, 4}"
2018,1,22,12,0,"{2, 3, 4}"
2018,1,22,12,1,"{2, 3, 4}"
2018,1,22,12,1,"{2, 3, 4}"
2018,1,22,12,1,"{2, 3, 4}"
2018,1,22,13,0,"{2, 3, 4}"
2018,1,22,13,0,"{2, 3, 4}"
2018,1,22,13,0,"{2, 3, 4}"
2018,1,22,13,1,"{2, 3, 4}"
2018,1,22,13,1,"{2, 3, 4}"
2018,1,22,13,1,"{2, 3, 4}"
2018,1,22,14,0,"{2, 3, 4}"
2018,1,22,14,0,"{2, 3, 4}"
2018,1,22,14,0,"{2, 3, 4}"
2018,1,22,14,1,"{2, 3, 4}"
2018,1,22,14,1,"{2, 3, 4}"
2018,1,22,14,1,"{2, 3, 4}"
2018,1,22,15,0,"{2, 3, 4}"
2018,1,22,15,0,"{2, 3, 4}"
2018,1,22,15,0,"{2, 3, 4}"
2018,1,22,15,1,"{2, 3, 4}"
2018,1,22,15,1,"{2, 3, 4}"
2018,1,22,15,1,"{2, 3, 4}"
2018,1,22,16,0,"{2, 3, 4}"
2018,1,22,16,0,"{2, 3, 4}"
2018,1,22,16,0,"{2, 3, 4}"
2018,1,22,16,1,"{2, 3, 4}"
2018,1,22,16,1,"{2, 3, 4}"
2018,1,22,16,1,"{2, 3, 4}"
2018,1,22,17,0,"{2, 3, 4}"
2018,1,22,17,0,"{2, 3, 4}"
2018,1,22,17,0,"{2, 3, 4}"
2018,1,22,17,1,"{2, 3, 4}"
2018,1,22,17,1,"{2, 3, 4}"
2018,1,22,17,1,"{2, 3, 4}"
2018,1,22,18,0,"{2, 3, 4}"
2018,1,22,18,0,"{2, 3, 4}"
2018,1,22,18,0,"{2, 3, 4}"
2018,1,22,18,1,"{2, 3, 4}"
2018,1,22,18,1,"{2, 3, 4}"
2018,1,22,18,1,"{2, 3, 4}"
2018,1,22,19,0,"{2, 3, 4}"
2018,1,22,19,0,"{2, 3, 4}"
2018,1,22,19,0,"{2, 3, 4}"
2018,1,22,19,1,"{2, 3, 4}"
2018,1,22,19,1,"{2, 3, 4}"
2018,1,22,19,1,"{2, 3, 4}"
2018,1,22,20,0,"{2, 3, 4}"
2018,1,22,20,0,"{2, 3, 4}"
2018,1,22,20,0,"{2, 3, 4}"
2018,1,22,20,1,"{2, 3, 4}"
2018,1,22,20,1,"{2, 3, 4}"
2018,1,22,20,1,"{2, 3, 4}"
2018,1,22,21,0,"{2, 3, 4}"
2018,1,22,21,0,"{2, 3, 4}"
2018,1,22,21,0,"{2, 3, 4}"
2018,1,22,21,1,"{2, 3, 4}"
2018,1,22,21,1,"{2, 3, 4}"
2018,1,22,21,1,"{2, 3, 4}"
2018,1,22,22,0,"{2, 3, 4}"
2018,1,22,22,0,"{2, 3, 4}"
2018,1,22,22,0,"{2, 3, 4}"
2018,1,22,22,1,"{2, 3, 4}"
2018,1,22,22,1,"{2, 3, 4}"
2018,1,22,22,1,"{2, 3, 4}"
2018,1,22,23,0,"{2, 3, 4}"
2018,1,22,23,0,"{2, 3, 4}"
2018,1,22,23,0,"{2, 3, 4}"
2018,1,22,23,1,"{2, 3, 4}"
2018,1,22,23,1,"{2, 3, 4}"
2018,1,22,23,1,"{2, 3, 4}"
2018,1,23,0,0,"{2, 3, 4}"
2018,1,23,0,0,"{2, 3, 4}"
2018,1,23,0,0,"{2, 3, 4}"
2018,1,23,0,1,"{2, 3, 4}"
2018,1,23,0,1,"{2, 3, 4}"
2018,1,23,0,1,"{2, 3, 4}"
2018,1,23,1,0,"{2, 3, 4}"
2018,1,23,1,0,"{2, 3, 4}"
2018,1,23,1,0,"{2, 3, 4}"
2018,1,23,1,1,"{2, 3, 4}"
2018,1,23,1,1,"{2, 3, 4}"
2018,1,23,1,1,"{2, 3, 4}"
2018,1,23,2,0,"{2, 3, 4}"
2018,1,23,2,0,"{2, 3, 4}"
2018,1,23,2,0,"{2, 3, 4}"
2018,1,23,2,1,"{2, 3, 4}"
2018,1,23,2,1,"{2, 3, 4}"
2018,1,23,2,1,"{2, 3, 4}"
2018,1,23,3,0,"{2, 3, 4}"
2018,1,23,3,0,"{2, 3, 4}"
2018,1,23,3,0,"{2, 3, 4}"
2018,1,23,3,1,"{2, 3, 4}"
2018,1,23,3,1,"{2, 3, 4}"
2018,1,23,3,1,"{2, 3, 4}"
2018,1,23,4,0,"{2, 3, 4}"
2018,1,23,4,0,"{2, 3, 4}"
2018,1,23,4,0,"{2, 3, 4}"
2018,1,23,4,1,"{2, 3, 4}"
2018,1,23,4,1,"{2, 3, 4}"
2018,1,23,4,1,"{2, 3, 4}"
2018,1,23,5,0,"{2, 3, 4}"
2018,1,23,5,0,"{2, 3, 4}"
2018,1,23,5,0,"{2, 3, 4}"
2018,1,23,5,1,"{2, 3, 4}"
2018,1,23,5,1,"{2, 3, 4}"
2018,1,23,5,1,"{2, 3, 4}"
2018,1,23,6,0,"{2, 3, 4}"
2018,1,23,6,0,"{2, 3, 4}"
2018,1,23,6,0,"{2, 3, 4}"
2018,1,23,6,1,"{2, 3, 4}"
2018,1,23,6,1,"{2, 3, 4}"
2018,1,23,6,1,"{2, 3, 4}"
2018,1,23,7,0,"{2, 3, 4}"
2018,1,23,7,0,"{2, 3, 4}"
2018,1,23,7,0,"{2, 3, 4}"
2018,1,23,7,1,"{2, 3, 4}"
2018,1,23,7,1,"{2, 3, 4}"
2018,1,23,7,1,"{2, 3, 4}"
2018,1,23,8,0,"{2, 3, 4}"
2018,1,23,8,0,"{2, 3, 4}"
2018,1,23,8,0,"{2, 3, 4}"
2018,1,23,8,1,"{2, 3, 4}"
2018,1,23,8,1,"{2, 3, 4}"
2018,1,23,8,1,"{2, 3, 4}"
2018,1,23,9,0,"{2, 3, 4}"
2018,1,23,9,0,"{2, 3, 4}"
2018,1,23,9,0,"{2, 3, 4}"
2018,1,23,9,1,"{2, 3, 4}"
2018,1,23,9,1,"{2, 3, 4}"
2018,1,23,9,1,"{2, 3, 4}"
2018,1,23,10,0,"{2, 3, 4}"
2018,1,23,10,0,"{2, 3, 4}"
2018,1,23,10,0,"{2, 3, 4}"
2018,1,23,10,1,"{2, 3, 4}"
2018,1,23,10,1,"{2, 3, 4}"
2018,1,23,10,1,"{2, 3, 4}"
2018,1,23,11,0,"{2, 3, 4}"
2018,1,23,11,0,"{2, 3, 4}"
2018,1,23,11,0,"{2, 3, 4}"
2018,1,23,11,1,"{2, 3, 4}"
2018,1,23,11,1,"{2, 3, 4}"
2018,1,23,11,1,"{2, 3, 4}"
2018,1,23,12,0,"{2, 3, 4}"
2018,1,23,12,0,"{2, 3, 4}"
2018,1,23,12,0,"{2, 3, 4}"
2018,1,23,12,1,"{2, 3, 4}"
2018,1,23,12,1,"{2, 3, 4}"
2018,1,23,12,1,"{2, 3, 4}"
2018,1,23,13,0,"{2, 3, 4}"
2018,1,23,13,0,"{2, 3, 4}"
2018,1,23,13,0,"{2, 3, 4}"
2018,1,23,13,1,"{2, 3, 4}"
2018,1,23,13,1,"{2, 3, 4}"
2018,1,23,13,1,"{2, 3, 4}"
2018,1,23,14,0,"{2, 3, 4}"
2018,1,23,14,0,"{2, 3, 4}"
2018,1,23,14,0,"{2, 3, 4}"
2018,1,23,14,1,"{2, 3, 4}"
2018,1,23,14,1,"{2, 3, 4}"
2018,1,23,14,1,"{2, 3, 4}"
2018,1,23,15,0,"{2, 3, 4}"
2018,1,23,15,0,"{2, 3, 4}"
2018,1,23,15,0,"{2, 3, 4}"
2018,1,23,15,1,"{2, 3, 4}"
2018,1,23,15,1,"{2, 3, 4}"
2018,1,23,15,1,"{2, 3, 4}"
2018,1,23,16,0,"{2, 3, 4}"
2018,1,23,16,0,"{2, 3, 4}"
2018,1,23,16,0,"{2, 3, 4}"
2018,2,26,12,1,"{1, 2, 3, 4, 5, 6}"
2018,2,26,12,1,"{1, 2, 3, 4, 5, 6}"
2018,2,26,12,1,"{1, 2, 3, 4, 5, 6}"
2018,2,26,12,1,"{1, 2, 3, 4, 5, 6}"
2018,2,26,12,1,"{1, 2, 3, 4, 5, 6}"
2018,2,26,12,1,"{1, 2, 3, 4, 5, 6}"
2018,2,26,13,0,"{1, 2, 3, 4, 5, 6}"
2018,2,26,13,0,"{1, 2, 3, 4, 5, 6}"
2018,2,26,13,0,"{1, 2, 3, 4, 5, 6}"
2018,2,26,13,0,"{1, 2, 3, 4, 5, 6}"
2018,2,26,13,0,"{1, 2, 3, 4, 5, 6}"
2018,2,26,13,0,"{1, 2, 3, 4, 5, 6}"
2018,2,26,13,1,"{1, 2, 3, 4, 5, 6}"
2018,2,26,13,1,"{1, 2, 3, 4, 5, 6}"
2018,2,26,13,1,"{1, 2, 3, 4, 5, 6}"
2018,2,26,13,1,"{1, 2, 3, 4, 5, 6}"
2018,2,26,13,1,"{1, 2, 3, 4, 5, 6}"
2018,2,26,13,1,"{1, 2, 3, 4, 5, 6}"
2018,2,26,14,0,"{1, 2, 3, 4, 5, 6}"
2018,2,26,14,0,"{1, 2, 3, 4, 5, 6}"
2018,2,26,14,0,"{1, 2, 3, 4, 5, 6}"
2018,2,26,14,0,"{1, 2, 3, 4, 5, 6}"
2018,2,26,14,0,"{1, 2, 3, 4, 5, 6}"
2018,2,26,14,0,"{1, 2, 3, 4, 5, 6}"
2018,2,26,14,1,"{1, 2, 3, 4, 5, 6}"
2018,2,26,14,1,"{1, 2, 3, 4, 5, 6}"
2018,2,26,14,1,"{1, 2, 3, 4, 5, 6}"
2018,2,26,14,1,"{1, 2, 3, 4, 5, 6}"
2018,2,26,14,1,"{1, 2, 3, 4, 5, 6}"
2018,2,26,14,1,"{1, 2, 3, 4, 5, 6}"
2018,2,26,15,0,"{1, 2, 3, 4, 5, 6}"
2018,2,26,15,0,"{1, 2, 3, 4, 5, 6}"
2018,2,26,15,0,"{1, 2, 3, 4, 5, 6}"
2018,2,26,15,0,"{1, 2, 3, 4, 5, 6}"
2018,2,26,15,0,"{1, 2, 3, 4, 5, 6}"
2018,2,26,15,0,"{1, 2, 3, 4, 5, 6}"
2018,2,26,15,1,"{1, 2, 3, 4, 5, 6}"
2018,2,26,15,1,"{1, 2, 3, 4, 5, 6}"
2018,2,26,15,1,"{1, 2, 3, 4, 5, 6}"
2018,2,26,15,1,"{1, 2, 3, 4, 5, 6}"
2018,2,26,15,1,"{1, 2, 3, 4, 5, 6}"
2018,2,26,15,1,"{1, 2, 3, 4, 5, 6}"
2018,2,26,16,0,"{1, 2, 3, 4, 5, 6}"
2018,2,26,16,0,"{1, 2, 3, 4, 5, 6}"
2018,2,26,16,0,"{1, 2, 3, 4, 5, 6}"
2018,2,26,16,0,"{1, 2, 3, 4, 5, 6}"
2018,2,26,16,0,"{1, 2, 3, 4, 5, 6}"
2018,2,26,16,0,"{1, 2, 3, 4, 5, 6}"
2018,2,26,16,1,"{1, 2, 3, 4, 5, 6}"
2018,2,26,16,1,"{1, 2, 3, 4, 5, 6}"
2018,2,26,16,1,"{1, 2, 3, 4, 5, 6}"
2018,2,26,16,1,"{1, 2, 3, 4, 5, 6}"
2018,2,26,16,1,"{1, 2, 3, 4, 5, 6}"
2018,2,26,16,1,"{1, 2, 3, 4, 5, 6}"
2018,2,26,17,0,"{1, 2, 3, 4, 5, 6}"
2018,2,26,17,0,"{1, 2, 3, 4, 5, 6}"
2018,2,26,17,0,"{1, 2, 3, 4, 5, 6}"
2018,2,26,17,0,"{1, 2, 3, 4, 5, 6}"
2018,2,26,17,0,"{1, 2, 3, 4, 5, 6}"
2018,2,26,17,0,"{1, 2, 3, 4, 5, 6}"
2018,2,26,17,1,"{1, 2, 3, 4, 5, 6}"
2018,2,26,17,1,"{1, 2, 3, 4, 5, 6}"
2018,2,26,17,1,"{1, 2, 3, 4, 5, 6}"
2018,2,26,17,1,"{1, 2, 3, 4, 5, 6}"
2018,2,26,17,1,"{1, 2, 3, 4, 5, 6}"
2018,2,26,17,1,"{1, 2, 3, 4, 5, 6}"
2018,2,26,18,0,"{1, 2, 3, 4, 5, 6}"
2018,2,26,18,0,"{1, 2, 3, 4, 5, 6}"
2018,2,26,18,0,"{1, 2, 3, 4, 5, 6}"
2018,2,26,18,0,"{1, 2, 3, 4, 5, 6}"
2018,2,26,18,0,"{1, 2, 3, 4, 5, 6}"
2018,2,26,18,0,"{1, 2, 3, 4, 5, 6}"
2018,2,26,18,1,"{1, 2, 3, 4, 5, 6}"
2018,2,26,18,1,"{1, 2, 3, 4, 5, 6}"
2018,2,26,18,1,"{1, 2, 3, 4, 5, 6}"
2018,2,26,18,1,"{1, 2, 3, 4, 5, 6}"
2018,2,26,18,1,"{1, 2, 3, 4, 5, 6}"
2018,2,26,18,1,"{1, 2, 3, 4, 5, 6}"
2018,2,26,19,0,"{1, 2, 3, 4, 5, 6}"
2018,2,26,19,0,"{1, 2, 3, 4, 5, 6}"
2018,2,26,19,0,"{1, 2, 3, 4, 5, 6}"
2018,2,26,19,0,"{1, 2, 3, 4, 5, 6}"
2018,2,26,19,0,"{1, 2, 3, 4, 5, 6}"
2018,2,26,19,0,"{1, 2, 3, 4, 5, 6}"
2018,2,26,19,1,"{1, 2, 3, 4, 5, 6}"
2018,2,26,19,1,"{1, 2, 3, 4, 5, 6}"
2018,2,26,19,1,"{1, 2, 3, 4, 5, 6}"
2018,2,26,19,1,"{1, 2, 3, 4, 5, 6}"
2018,2,26,19,1,"{1, 2, 3, 4, 5, 6}"
2018,2,26,19,1,"{1, 2, 3, 4, 5, 6}"
2018,2,26,20,0,"{1, 2, 3, 4, 5, 6}"
2018,2,26,20,0,"{1, 2, 3, 4, 5, 6}"
2018,2,26,20,0,"{1, 2, 3, 4, 5, 6}"
2018,2,26,20,0,"{1, 2, 3, 4, 5, 6}"
2018,2,26,20,0,"{1, 2, 3, 4, 5, 6}"
2018,2,26,20,0,"{1, 2, 3, 4, 5, 6}"
2018,2,26,20,1,"{1, 2, 3, 4, 5, 6}"
2018,2,26,20,1,"{1, 2, 3, 4, 5, 6}"
2018,2,26,20,1,"{1, 2, 3, 4, 5, 6}"
2018,2,26,20,1,"{1, 2, 3, 4, 5, 6}"
2018,2,26,20,1,"{1, 2, 3, 4, 5, 6}"
2018,2,26,20,1,"{1, 2, 3, 4, 5, 6}"
2018,2,26,21,0,"{1, 2, 3, 4, 5, 6}"
2018,2,26,21,0,"{1, 2, 3, 4, 5, 6}"
2018,2,26,21,0,"{1, 2, 3, 4, 5, 6}"
2018,2,26,21,0,"{1, 2, 3, 4, 5, 6}"
2018,2,26,21,0,"{1, 2, 3, 4, 5, 6}"
2018,2,26,21,0,"{1, 2, 3, 4, 5, 6}"
2018,2,26,21,1,"{1, 2, 3, 4}"
2018,2,26,21,1,"{1, 2, 3, 4}"
2018,2,26,21,1,"{1, 2, 3, 4}"
2018,2,26,21,1,"{1, 2, 3, 4}"
2018,3,2,18,0,"{2, 3, 4}"
2018,3,2,18,0,"{2, 3, 4}"
2018,3,2,18,0,"{2, 3, 4}"
2018,3,2,18,1,"{2, 3, 4}"
2018,3,2,18,1,"{2, 3, 4}"
2018,3,2,18,1,"{2, 3, 4}"
2018,3,2,19,0,"{2, 3, 4}"
2018,3,2,19,0,"{2, 3, 4}"
2018,3,2,19,0,"{2, 3, 4}"
2018,3,2,19,1,"{2, 3, 4}"
2018,3,2,19,1,"{2, 3, 4}"
2018,3,2,19,1,"{2, 3, 4}"
2018,3,2,20,0,"{2, 3, 4}"
2018,3,2,20,0,"{2, 3, 4}"
2018,3,2,20,0,"{2, 3, 4}"
2018,3,2,20,1,"{2, 3, 4}"
2018,3,2,20,1,"{2, 3, 4}"
2018,3,2,20,1,"{2, 3, 4}"
2018,3,2,21,0,"{2, 3, 4}"
2018,3,2,21,0,"{2, 3, 4}"
2018,3,2,21,0,"{2, 3, 4}"
2018,3,2,21,1,"{2, 3, 4}"
2018,3,2,21,1,"{2, 3, 4}"
2018,3,2,21,1,"{2, 3, 4}"
2018,3,2,22,0,"{2, 3, 4}"
2018,3,2,22,0,"{2, 3, 4}"
2018,3,2,22,0,"{2, 3, 4}"
2018,3,2,22,1,"{2, 3, 4}"
2018,3,2,22,1,"{2, 3, 4}"
2018,3,2,22,1,"{2, 3, 4}"
2018,3,2,23,0,"{2, 3, 4}"
2018,3,2,23,0,"{2, 3, 4}"
2018,3,2,23,0,"{2, 3, 4}"
2018,3,2,23,1,"{2, 3, 4}"
2018,3,2,23,1,"{2, 3, 4}"
2018,3,2,23,1,"{2, 3, 4}"
2018,3,3,0,0,"{2, 3, 4}"
2018,3,3,0,0,"{2, 3, 4}"
2018,3,3,0,0,"{2, 3, 4}"
2018,3,3,0,1,"{2, 3, 4}"
2018,3,3,0,1,"{2, 3, 4}"
2018,3,3,0,1,"{2, 3, 4}"
2018,3,3,1,0,"{2, 3, 4}"
2018,3,3,1,0,"{2, 3, 4}"
2018,3,3,1,0,"{2, 3, 4}"
2018,3,3,1,1,"{2, 3, 4}"
2018,3,3,1,1,"{2, 3, 4}"
2018,3,3,1,1,"{2, 3, 4}"
2018,3,3,2,0,"{2, 3, 4}"
2018,3,3,2,0,"{2, 3, 4}"
2018,3,3,2,0,"{2, 3, 4}"
2018,3,3,2,1,"{2, 3, 4}"
2018,3,3,2,1,"{2, 3, 4}"
2018,3,3,2,1,"{2, 3, 4}"
2018,3,3,3,0,"{2, 3, 4}"
2018,3,3,3,0,"{2, 3, 4}"
2018,3,3,3,0,"{2, 3, 4}"
2018,3,3,3,1,"{2, 3, 4}"
2018,3,3,3,1,"{2, 3, 4}"
2018,3,3,3,1,"{2, 3, 4}"
2018,3,3,4,0,"{2, 3, 4}"
2018,3,3,4,0,"{2, 3, 4}"
2018,3,3,4,0,"{2, 3, 4}"
2018,3,3,4,1,"{2, 3, 4}"
2018,3,3,4,1,"{2, 3, 4}"
2018,3,3,4,1,"{2, 3, 4}"
2018,3,3,5,0,"{2, 3, 4}"
2018,3,3,5,0,"{2, 3, 4}"
2018,3,3,5,0,"{2, 3, 4}"
2018,3,3,5,1,"{2, 3, 4}"
2018,3,3,5,1,"{2, 3, 4}"
2018,3,3,5,1,"{2, 3, 4}"
2018,3,3,6,0,"{2, 3, 4}"
2018,3,3,6,0,"{2, 3, 4}"
2018,3,3,6,0,"{2, 3, 4}"
2018,3,3,6,1,"{2, 3, 4}"
2018,3,3,6,1,"{2, 3, 4}"
2018,3,3,6,1,"{2, 3, 4}"
2018,3,3,7,0,"{2, 3, 4}"
2018,3,3,7,0,"{2, 3, 4}"
2018,3,3,7,0,"{2, 3, 4}"
2018,3,3,7,1,"{2, 3, 4}"
2018,3,3,7,1,"{2, 3, 4}"
2018,3,3,7,1,"{2, 3, 4}"
2018,3,3,8,0,"{2, 3, 4}"
2018,3,3,8,0,"{2, 3, 4}"
2018,3,3,8,0,"{2, 3, 4}"
2018,3,3,8,1,"{2, 3, 4}"
2018,3,3,8,1,"{2, 3, 4}"
2018,3,3,8,1,"{2, 3, 4}"
2018,3,3,9,0,"{2, 3, 4}"
2018,3,3,9,0,"{2, 3, 4}"
2018,3,3,9,0,"{2, 3, 4}"
2018,3,3,9,1,"{2, 3, 4}"
2018,3,3,9,1,"{2, 3, 4}"
2018,3,3,9,1,"{2, 3, 4}"
2018,3,3,10,0,"{2, 3, 4}"
2018,3,3,10,0,"{2, 3, 4}"
2018,3,3,10,0,"{2, 3, 4}"
2018,3,3,10,1,"{2, 3, 4}"
2018,3,3,10,1,"{2, 3, 4}"
2018,3,3,10,1,"{2, 3, 4}"
2018,3,3,11,0,"{2, 3, 4}"
2018,3,3,11,0,"{2, 3, 4}"
2018,3,3,11,0,"{2, 3, 4}"
2018,3,3,11,1,"{2, 3, 4}"
2018,3,3,11,1,"{2, 3, 4}"
2018,3,3,11,1,"{2, 3, 4}"
2018,3,3,12,0,"{2, 3, 4}"
2018,3,3,12,0,"{2, 3, 4}"
2018,3,3,12,0,"{2, 3, 4}"
2018,3,3,12,1,"{2, 3, 4}"
2018,3,3,12,1,"{2, 3, 4}"
2018,3,3,12,1,"{2, 3, 4}"
2018,3,3,13,0,"{2, 3, 4}"
2018,3,3,13,0,"{2, 3, 4}"
2018,3,3,13,0,"{2, 3, 4}"
2018,3,3,13,1,"{2, 3, 4}"
2018,3,3,13,1,"{2, 3, 4}"
2018,3,3,13,1,"{2, 3, 4}"
2018,3,3,14,0,"{2, 3, 4}"
2018,3,3,14,0,"{2, 3, 4}"
2018,3,3,14,0,"{2, 3, 4}"
2018,3,3,14,1,"{2, 3, 4}"
2018,3,3,14,1,"{2, 3, 4}"
2018,3,3,14,1,"{2, 3, 4}"
2018,3,3,15,0,"{2, 3, 4}"
2018,3,3,15,0,"{2, 3, 4}"
2018,3,3,15,0,"{2, 3, 4}"
2018,3,3,15,1,"{2, 3, 4}"
2018,3,3,15,1,"{2, 3, 4}"
2018,3,3,15,1,"{2, 3, 4}"
2018,3,3,16,0,"{2, 3, 4}"
2018,3,3,16,0,"{2, 3, 4}"
2018,3,3,16,0,"{2, 3, 4}"
2018,3,3,16,1,"{2, 3, 4}"
2018,3,3,16,1,"{2, 3, 4}"
2018,3,3,16,1,"{2, 3, 4}"
2018,3,3,17,0,"{2, 3, 4}"
2018,3,3,17,0,"{2, 3, 4}"
2018,3,3,17,0,"{2, 3, 4}"
2018,3,3,17,1,"{2, 3, 4}"
2018,3,3,17,1,"{2, 3, 4}"
2018,3,3,17,1,"{2, 3, 4}"
2018,3,3,18,0,"{2, 3, 4}"
2018,3,3,18,0,"{2, 3, 4}"
2018,3,3,18,0,"{2, 3, 4}"
2018,3,3,18,1,"{2, 3, 4}"
2018,3,3,18,1,"{2, 3, 4}"
2018,3,3,18,1,"{2, 3, 4}"
2018,3,3,19,0,"{2, 3, 4}"
2018,3,3,19,0,"{2, 3, 4}"
2018,3,3,19,0,"{2, 3, 4}"
2018,3,3,19,1,"{2, 3, 4}"
2018,3,3,19,1,"{2, 3, 4}"
2018,3,3,19,1,"{2, 3, 4}"
2018,3,3,20,0,"{2, 3, 4}"
2018,3,3,20,0,"{2, 3, 4}"
2018,3,3,20,0,"{2, 3, 4}"
2018,3,3,20,1,"{2, 3, 4}"
2018,3,3,20,1,"{2, 3, 4}"
2018,3,3,20,1,"{2, 3, 4}"
2018,3,3,21,0,"{2, 3, 4}"
2018,3,3,21,0,"{2, 3, 4}"
2018,3,3,21,0,"{2, 3, 4}"
2018,3,3,21,1,"{2, 3, 4}"
2018,3,3,21,1,"{2, 3, 4}"
2018,3,3,21,1,"{2, 3, 4}"
2018,3,3,22,0,"{2, 3, 4}"
2018,3,3,22,0,"{2, 3, 4}"
2018,3,3,22,0,"{2, 3, 4}"
2018,3,3,22,1,"{2, 3, 4}"
2018,3,3,22,1,"{2, 3, 4}"
2018,3,3,22,1,"{2, 3, 4}"
2018,3,3,23,0,"{2, 3, 4}"
2018,3,3,23,0,"{2, 3, 4}"
2018,3,3,23,0,"{2, 3, 4}"
2018,3,3,23,1,"{2, 3, 4}"
2018,3,3,23,1,"{2, 3, 4}"
2018,3,3,23,1,"{2, 3, 4}"
2018,3,4,0,0,"{2, 3, 4}"
2018,3,4,0,0,"{2, 3, 4}"
2018,3,4,0,0,"{2, 3, 4}"
2018,3,4,0,1,"{2, 3, 4}"
2018,3,4,0,1,"{2, 3, 4}"
2018,3,4,0,1,"{2, 3, 4}"
2018,3,4,1,0,"{2, 3, 4}"
2018,3,4,1,0,"{2, 3, 4}"
2018,3,4,1,0,"{2, 3, 4}"
2018,3,4,1,1,"{2, 3, 4}"
2018,3,4,1,1,"{2, 3, 4}"
2018,3,4,1,1,"{2, 3, 4}"
2018,3,4,2,0,"{2, 3, 4}"
2018,3,4,2,0,"{2, 3, 4}"
2018,3,4,2,0,"{2, 3, 4}"
2018,3,4,2,1,"{2, 3, 4}"
2018,3,4,2,1,"{2, 3, 4}"
2018,3,4,2,1,"{2, 3, 4}"
2018,3,4,3,0,"{2, 3, 4}"
2018,3,4,3,0,"{2, 3, 4}"
2018,3,4,3,0,"{2, 3, 4}"
2018,3,4,3,1,"{2, 3, 4}"
2018,3,4,3,1,"{2, 3, 4}"
2018,3,4,3,1,"{2, 3, 4}"
2018,3,4,4,0,"{2, 3, 4}"
2018,3,4,4,0,"{2, 3, 4}"
2018,3,4,4,0,"{2, 3, 4}"
2018,3,4,4,1,"{2, 3, 4}"
2018,3,4,4,1,"{2, 3, 4}"
2018,3,4,4,1,"{2, 3, 4}"
2018,3,4,5,0,"{2, 3, 4}"
2018,3,4,5,0,"{2, 3, 4}"
2018,3,4,5,0,"{2, 3, 4}"
2018,3,4,5,1,"{2, 3, 4}"
2018,3,4,5,1,"{2, 3, 4}"
2018,3,4,5,1,"{2, 3, 4}"
2018,3,4,6,0,"{2, 3, 4}"
2018,3,4,6,0,"{2, 3, 4}"
2018,3,4,6,0,"{2, 3, 4}"
2018,3,4,6,1,"{2, 3, 4}"
2018,3,4,6,1,"{2, 3, 4}"
2018,3,4,6,1,"{2, 3, 4}"
2018,3,4,7,0,"{2, 3, 4}"
2018,3,4,7,0,"{2, 3, 4}"
2018,3,4,7,0,"{2, 3, 4}"
2018,3,4,7,1,"{2, 3, 4}"
2018,3,4,7,1,"{2, 3, 4}"
2018,3,4,7,1,"{2, 3, 4}"
2018,3,4,8,0,"{2, 3, 4}"
2018,3,4,8,0,"{2, 3, 4}"
2018,3,4,8,0,"{2, 3, 4}"
2018,3,4,8,1,"{2, 3, 4}"
2018,3,4,8,1,"{2, 3, 4}"
2018,3,4,8,1,"{2, 3, 4}"
2018,3,4,9,0,"{2, 3, 4}"
2018,3,4,9,0,"{2, 3, 4}"
2018,3,4,9,0,"{2, 3, 4}"
2018,3,4,9,1,"{2, 3, 4}"
2018,3,4,9,1,"{2, 3, 4}"
2018,3,4,9,1,"{2, 3, 4}"
2018,3,4,10,0,"{2, 3, 4}"
2018,3,4,10,0,"{2, 3, 4}"
2018,3,4,10,0,"{2, 3, 4}"
2018,3,4,10,1,"{2, 3, 4}"
2018,3,4,10,1,"{2, 3, 4}"
2018,3,4,10,1,"{2, 3, 4}"
2018,3,4,11,0,"{2, 3, 4}"
2018,3,4,11,0,"{2, 3, 4}"
2018,3,4,11,0,"{2, 3, 4}"
2018,3,4,11,1,"{2, 3, 4}"
2018,3,4,11,1,"{2, 3, 4}"
2018,3,4,11,1,"{2, 3, 4}"
2018,3,4,12,0,"{2, 3, 4}"
2018,3,4,12,0,"{2, 3, 4}"
2018,3,4,12,0,"{2, 3, 4}"
2018,3,4,12,1,"{2, 3, 4}"
2018,3,4,12,1,"{2, 3, 4}"
2018,3,4,12,1,"{2, 3, 4}"
2018,3,4,13,0,"{2, 3, 4}"
2018,3,4,13,0,"{2, 3, 4}"
2018,3,4,13,0,"{2, 3, 4}"
2018,3,4,13,1,"{2, 3, 4}"
2018,3,4,13,1,"{2, 3, 4}"
2018,3,4,13,1,"{2, 3, 4}"
2018,3,4,14,0,"{2, 3, 4}"
2018,3,4,14,0,"{2, 3, 4}"
2018,3,4,14,0,"{2, 3, 4}"
2018,3,4,14,1,"{2, 3, 4}"
2018,3,4,14,1,"{2, 3, 4}"
2018,3,4,14,1,"{2, 3, 4}"
2018,3,4,15,0,"{2, 3, 4}"
2018,3,4,15,0,"{2, 3, 4}"
2018,3,4,15,0,"{2, 3, 4}"
2018,3,4,15,1,"{2, 3, 4}"
2018,3,4,15,1,"{2, 3, 4}"
2018,3,4,15,1,"{2, 3, 4}"
2018,3,4,16,0,"{2, 3, 4}"
2018,3,4,16,0,"{2, 3, 4}"
2018,3,4,16,0,"{2, 3, 4}"
2018,3,4,16,1,"{2, 3, 4}"
2018,3,4,16,1,"{2, 3, 4}"
2018,3,4,16,1,"{2, 3, 4}"
2018,3,4,17,0,"{2, 3, 4}"
2018,3,4,17,0,"{2, 3, 4}"
2018,3,4,17,0,"{2, 3, 4}"
2018,3,4,17,1,"{2, 3, 4}"
2018,3,4,17,1,"{2, 3, 4}"
2018,3,4,17,1,"{2, 3, 4}"
2018,3,4,18,0,"{2, 3, 4}"
2018,3,4,18,0,"{2, 3, 4}"
2018,3,4,18,0,"{2, 3, 4}"
2018,3,4,18,1,"{2, 3, 4}"
2018,3,4,18,1,"{2, 3, 4}"
2018,3,4,18,1,"{2, 3, 4}"
2018,3,4,19,0,"{2, 3, 4}"
2018,3,4,19,0,"{2, 3, 4}"
2018,3,4,19,0,"{2, 3, 4}"
2018,3,4,19,1,"{2, 3, 4}"
2018,3,4,19,1,"{2, 3, 4}"
2018,3,4,19,1,"{2, 3, 4}"
2018,3,4,20,0,"{2, 3, 4}"
2018,3,4,20,0,"{2, 3, 4}"
2018,3,4,20,0,"{2, 3, 4}"
2018,3,4,20,1,"{2, 3, 4}"
2018,3,4,20,1,"{2, 3, 4}"
2018,3,4,20,1,"{2, 3, 4}"
2018,3,4,21,0,"{2, 3, 4}"
2018,3,4,21,0,"{2, 3, 4}"
2018,3,4,21,0,"{2, 3, 4}"
2018,3,4,21,1,"{2, 3, 4}"
2018,3,4,21,1,"{2, 3, 4}"
2018,3,4,21,1,"{2, 3, 4}"
2018,3,4,22,0,"{2, 3, 4}"
2018,3,4,22,0,"{2, 3, 4}"
2018,3,4,22,0,"{2, 3, 4}"
2018,3,4,22,1,"{2, 3, 4}"
2018,3,4,22,1,"{2, 3, 4}"
2018,3,4,22,1,"{2, 3, 4}"
2018,3,4,23,0,"{2, 3, 4}"
2018,3,4,23,0,"{2, 3, 4}"
2018,3,4,23,0,"{2, 3, 4}"
2018,3,4,23,1,"{2, 3, 4}"
2018,3,4,23,1,"{2, 3, 4}"
2018,3,4,23,1,"{2, 3, 4}"
2018,3,5,0,0,"{2, 3, 4}"
2018,3,5,0,0,"{2, 3, 4}"
2018,3,5,0,0,"{2, 3, 4}"
2018,3,5,0,1,"{2, 3, 4}"
2018,3,5,0,1,"{2, 3, 4}"
2018,3,5,0,1,"{2, 3, 4}"
2018,3,5,1,0,"{2, 3, 4}"
2018,3,5,1,0,"{2, 3, 4}"
2018,3,5,1,0,"{2, 3, 4}"
2018,3,5,1,1,"{2, 3, 4}"
2018,3,5,1,1,"{2, 3, 4}"
2018,3,5,1,1,"{2, 3, 4}"
2018,3,5,2,0,"{2, 3, 4}"
2018,3,5,2,0,"{2, 3, 4}"
2018,3,5,2,0,"{2, 3, 4}"
2018,3,5,2,1,"{2, 3, 4}"
2018,3,5,2,1,"{2, 3, 4}"
2018,3,5,2,1,"{2, 3, 4}"
2018,3,5,3,0,"{2, 3, 4}"
2018,3,5,3,0,"{2, 3, 4}"
2018,3,5,3,0,"{2, 3, 4}"
2018,3,5,3,1,"{2, 3, 4}"
2018,3,5,3,1,"{2, 3, 4}"
2018,3,5,3,1,"{2, 3, 4}"
2018,3,5,4,0,"{2, 3, 4}"
2018,3,5,4,0,"{2, 3, 4}"
2018,3,5,4,0,"{2, 3, 4}"
2018,3,5,4,1,"{2, 3, 4}"
2018,3,5,4,1,"{2, 3, 4}"
2018,3,5,4,1,"{2, 3, 4}"
2018,3,5,5,0,"{2, 3, 4}"
2018,3,5,5,0,"{2, 3, 4}"
2018,3,5,5,0,"{2, 3, 4}"
2018,3,5,5,1,"{2, 3, 4}"
2018,3,5,5,1,"{2, 3, 4}"
2018,3,5,5,1,"{2, 3, 4}"
2018,3,5,6,0,"{2, 3, 4}"
2018,3,5,6,0,"{2, 3, 4}"
2018,3,5,6,0,"{2, 3, 4}"
2018,3,5,6,1,"{2, 3, 4}"
2018,3,5,6,1,"{2, 3, 4}"
2018,3,5,6,1,"{2, 3, 4}"
2018,3,5,7,0,"{2, 3, 4}"
2018,3,5,7,0,"{2, 3, 4}"
2018,3,5,7,0,"{2, 3, 4}"
2018,3,5,7,1,"{2, 3, 4}"
2018,3,5,7,1,"{2, 3, 4}"
2018,3,5,7,1,"{2, 3, 4}"
2018,3,5,8,0,"{2, 3, 4}"
2018,3,5,8,0,"{2, 3, 4}"
2018,3,5,8,0,"{2, 3, 4}"
2018,3,5,8,1,"{2, 3, 4}"
2018,3,5,8,1,"{2, 3, 4}"
2018,3,5,8,1,"{2, 3, 4}"
2018,3,5,9,0,"{2, 3, 4}"
2018,3,5,9,0,"{2, 3, 4}"
2018,3,5,9,0,"{2, 3, 4}"
2018,3,13,14,1,"{2, 3, 4}"
2018,3,13,14,1,"{2, 3, 4}"
2018,3,13,14,1,"{2, 3, 4}"
2018,3,13,15,0,"{2, 3, 4}"
2018,3,13,15,0,"{2, 3, 4}"
2018,3,13,15,0,"{2, 3, 4}"
2018,3,13,15,1,"{2, 3, 4}"
2018,3,13,15,1,"{2, 3, 4}"
2018,3,13,15,1,"{2, 3, 4}"
2018,3,13,16,0,"{2, 3, 4}"
2018,3,13,16,0,"{2, 3, 4}"
2018,3,13,16,0,"{2, 3, 4}"
2018,3,13,16,1,"{2, 3, 4}"
2018,3,13,16,1,"{2, 3, 4}"
2018,3,13,16,1,"{2, 3, 4}"
2018,3,13,17,0,"{2, 3, 4}"
2018,3,13,17,0,"{2, 3, 4}"
2018,3,13,17,0,"{2, 3, 4}"
2018,3,13,17,1,"{2, 3, 4}"
2018,3,13,17,1,"{2, 3, 4}"
2018,3,13,17,1,"{2, 3, 4}"
2018,3,13,18,0,"{2, 3, 4}"
2018,3,13,18,0,"{2, 3, 4}"
2018,3,13,18,0,"{2, 3, 4}"
2018,3,13,18,1,"{2, 3, 4}"
2018,3,13,18,1,"{2, 3, 4}"
2018,3,13,18,1,"{2, 3, 4}"
2018,3,13,19,0,"{2, 3, 4}"
2018,3,13,19,0,"{2, 3, 4}"
2018,3,13,19,0,"{2, 3, 4}"
2018,3,13,19,1,"{2, 3, 4}"
2018,3,13,19,1,"{2, 3, 4}"
2018,3,13,19,1,"{2, 3, 4}"
2018,3,13,20,0,"{2, 3, 4}"
2018,3,13,20,0,"{2, 3, 4}"
2018,3,13,20,0,"{2, 3, 4}"
2018,3,13,20,1,"{2, 3, 4}"
2018,3,13,20,1,"{2, 3, 4}"
2018,3,13,20,1,"{2, 3, 4}"
2018,3,13,21,0,"{2, 3, 4}"
2018,3,13,21,0,"{2, 3, 4}"
2018,3,13,21,0,"{2, 3, 4}"
2018,3,13,21,1,"{2, 3, 4}"
2018,3,13,21,1,"{2, 3, 4}"
2018,3,13,21,1,"{2, 3, 4}"
2018,3,13,22,0,"{2, 3, 4}"
2018,3,13,22,0,"{2, 3, 4}"
2018,3,13,22,0,"{2, 3, 4}"
2018,3,13,22,1,"{2, 3, 4}"
2018,3,13,22,1,"{2, 3, 4}"
2018,3,13,22,1,"{2, 3, 4}"
2018,3,13,23,0,"{2, 3, 4}"
2018,3,13,23,0,"{2, 3, 4}"
2018,3,13,23,0,"{2, 3, 4}"
2018,3,13,23,1,"{2, 3, 4}"
2018,3,13,23,1,"{2, 3, 4}"
2018,3,13,23,1,"{2, 3, 4}"
2018,3,14,0,0,"{2, 3, 4}"
2018,3,14,0,0,"{2, 3, 4}"
2018,3,14,0,0,"{2, 3, 4}"
2018,3,14,0,1,"{2, 3, 4}"
2018,3,14,0,1,"{2, 3, 4}"
2018,3,14,0,1,"{2, 3, 4}"
2018,3,14,1,0,"{2, 3, 4}"
2018,3,14,1,0,"{2, 3, 4}"
2018,3,14,1,0,"{2, 3, 4}"
2018,3,14,1,1,"{2, 3, 4}"
2018,3,14,1,1,"{2, 3, 4}"
2018,3,14,1,1,"{2, 3, 4}"
2018,3,14,2,0,"{2, 3, 4}"
2018,3,14,2,0,"{2, 3, 4}"
2018,3,14,2,0,"{2, 3, 4}"
2018,3,14,2,1,"{2, 3, 4}"
2018,3,14,2,1,"{2, 3, 4}"
2018,3,14,2,1,"{2, 3, 4}"
2018,3,14,3,0,"{2, 3, 4}"
2018,3,14,3,0,"{2, 3, 4}"
2018,3,14,3,0,"{2, 3, 4}"
2018,3,14,3,1,"{2, 3, 4}"
2018,3,14,3,1,"{2, 3, 4}"
2018,3,14,3,1,"{2, 3, 4}"
2018,3,14,4,0,"{2, 3, 4}"
2018,3,14,4,0,"{2, 3, 4}"
2018,3,14,4,0,"{2, 3, 4}"
2018,3,14,4,1,"{2, 3, 4}"
2018,3,14,4,1,"{2, 3, 4}"
2018,3,14,4,1,"{2, 3, 4}"
2018,3,14,5,0,"{2, 3, 4}"
2018,3,14,5,0,"{2, 3, 4}"
2018,3,14,5,0,"{2, 3, 4}"
2018,3,14,5,1,"{2, 3, 4}"
2018,3,14,5,1,"{2, 3, 4}"
2018,3,14,5,1,"{2, 3, 4}"
2018,3,14,6,0,"{2, 3, 4}"
2018,3,14,6,0,"{2, 3, 4}"
2018,3,14,6,0,"{2, 3, 4}"
2018,3,14,6,1,"{2, 3, 4}"
2018,3,14,6,1,"{2, 3, 4}"
2018,3,14,6,1,"{2, 3, 4}"
2018,3,14,7,0,"{2, 3, 4}"
2018,3,14,7,0,"{2, 3, 4}"
2018,3,14,7,0,"{2, 3, 4}"
2018,3,14,7,1,"{2, 3, 4}"
2018,3,14,7,1,"{2, 3, 4}"
2018,3,14,7,1,"{2, 3, 4}"
2018,3,14,8,0,"{2, 3, 4}"
2018,3,14,8,0,"{2, 3, 4}"
2018,3,14,8,0,"{2, 3, 4}"
2018,3,14,8,1,"{2, 3, 4}"
2018,3,14,8,1,"{2, 3, 4}"
2018,3,14,8,1,"{2, 3, 4}"
2018,3,14,9,0,"{2, 3, 4}"
2018,3,14,9,0,"{2, 3, 4}"
2018,3,14,9,0,"{2, 3, 4}"
2018,4,23,9,1,"{2, 3, 4}"
2018,4,23,9,1,"{2, 3, 4}"
2018,4,23,9,1,"{2, 3, 4}"
2018,4,23,10,0,"{2, 3, 4}"
2018,4,23,10,0,"{2, 3, 4}"
2018,4,23,10,0,"{2, 3, 4}"
2018,4,23,15,0,{2}
2018,4,23,15,1,"{2, 3, 4}"
2018,4,23,15,1,"{2, 3, 4}"
2018,4,23,15,1,"{2, 3, 4}"
2018,4,23,16,0,"{2, 3, 4}"
2018,4,23,16,0,"{2, 3, 4}"
2018,4,23,16,0,"{2, 3, 4}"
2018,4,23,16,1,"{2, 3, 4}"
2018,4,23,16,1,"{2, 3, 4}"
2018,4,23,16,1,"{2, 3, 4}"
2018,4,23,17,0,"{2, 3, 4}"
2018,4,23,17,0,"{2, 3, 4}"
2018,4,23,17,0,"{2, 3, 4}"
2018,4,24,10,0,"{2, 3, 4}"
2018,4,24,10,0,"{2, 3, 4}"
2018,4,24,10,0,"{2, 3, 4}"
2018,4,24,10,1,"{2, 3, 4}"
2018,4,24,10,1,"{2, 3, 4}"
2018,4,24,10,1,"{2, 3, 4}"
2018,4,24,11,0,"{2, 3, 4}"
2018,4,24,11,0,"{2, 3, 4}"
2018,4,24,11,0,"{2, 3, 4}"
2018,4,24,11,1,"{2, 3, 4}"
2018,4,24,11,1,"{2, 3, 4}"
2018,4,24,11,1,"{2, 3, 4}"
2018,4,26,14,0,"{2, 3, 4}"
2018,4,26,14,0,"{2, 3, 4}"
2018,4,26,14,0,"{2, 3, 4}"
2018,4,26,14,1,"{2, 3, 4}"
2018,4,26,14,1,"{2, 3, 4}"
2018,4,26,14,1,"{2, 3, 4}"
2018,4,26,15,0,"{2, 3, 4}"
2018,4,26,15,0,"{2, 3, 4}"
2018,4,26,15,0,"{2, 3, 4}"
2018,4,27,10,0,"{2, 3, 4}"
2018,4,27,10,0,"{2, 3, 4}"
2018,4,27,10,0,"{2, 3, 4}"
2018,4,27,10,1,"{2, 3, 4}"
2018,4,27,10,1,"{2, 3, 4}"
2018,4,27,10,1,"{2, 3, 4}"
2018,5,3,14,0,"{2, 3, 4}"
2018,5,3,14,0,"{2, 3, 4}"
2018,5,3,14,0,"{2, 3, 4}"
2018,5,3,14,1,"{2, 3, 4}"
2018,5,3,14,1,"{2, 3, 4}"
2018,5,3,14,1,"{2, 3, 4}"
2018,5,3,15,0,"{2, 3, 4}"
2018,5,3,15,0,"{2, 3, 4}"
2018,5,3,15,0,"{2, 3, 4}"
2018,5,3,15,1,"{2, 3, 4}"
2018,5,3,15,1,"{2, 3, 4}"
2018,5,3,15,1,"{2, 3, 4}"
2018,5,3,16,0,"{2, 3, 4}"
2018,5,3,16,0,"{2, 3, 4}"
2018,5,3,16,0,"{2, 3, 4}"
2018,5,3,16,1,"{2, 3, 4}"
2018,5,3,16,1,"{2, 3, 4}"
2018,5,3,16,1,"{2, 3, 4}"
2018,5,3,17,1,"{2, 3, 4}"
2018,5,3,17,1,"{2, 3, 4}"
2018,5,3,17,1,"{2, 3, 4}"
2018,5,3,18,0,"{2, 3, 4}"
2018,5,3,18,0,"{2, 3, 4}"
2018,5,3,18,0,"{2, 3, 4}"
2018,5,3,18,1,"{2, 3, 4}"
2018,5,3,18,1,"{2, 3, 4}"
2018,5,3,18,1,"{2, 3, 4}"
2018,5,3,19,0,"{2, 3, 4}"
2018,5,3,19,0,"{2, 3, 4}"
2018,5,3,19,0,"{2, 3, 4}"
2018,5,3,19,1,"{2, 3, 4}"
2018,5,3,19,1,"{2, 3, 4}"
2018,5,3,19,1,"{2, 3, 4}"
2018,5,3,20,0,"{2, 3, 4}"
2018,5,3,20,0,"{2, 3, 4}"
2018,5,3,20,0,"{2, 3, 4}"
2018,5,3,20,1,"{2, 3, 4}"
2018,5,3,20,1,"{2, 3, 4}"
2018,5,3,20,1,"{2, 3, 4}"
2018,5,3,21,0,"{2, 3, 4}"
2018,5,3,21,0,"{2, 3, 4}"
2018,5,3,21,0,"{2, 3, 4}"
2018,5,3,21,1,"{2, 3, 4}"
2018,5,3,21,1,"{2, 3, 4}"
2018,5,3,21,1,"{2, 3, 4}"
2018,5,3,22,0,"{2, 3, 4}"
2018,5,3,22,0,"{2, 3, 4}"
2018,5,3,22,0,"{2, 3, 4}"
2018,5,3,22,1,"{2, 3, 4}"
2018,5,3,22,1,"{2, 3, 4}"
2018,5,3,22,1,"{2, 3, 4}"
2018,5,3,23,0,"{2, 3, 4}"
2018,5,3,23,0,"{2, 3, 4}"
2018,5,3,23,0,"{2, 3, 4}"
2018,5,3,23,1,"{2, 3, 4}"
2018,5,3,23,1,"{2, 3, 4}"
2018,5,3,23,1,"{2, 3, 4}"
2018,5,4,0,0,"{2, 3, 4}"
2018,5,4,0,0,"{2, 3, 4}"
2018,5,4,0,0,"{2, 3, 4}"
2018,5,4,0,1,"{2, 3, 4}"
2018,5,4,0,1,"{2, 3, 4}"
2018,5,4,0,1,"{2, 3, 4}"
2018,5,4,1,0,"{2, 3, 4}"
2018,5,4,1,0,"{2, 3, 4}"
2018,5,4,1,0,"{2, 3, 4}"
2018,5,4,1,1,"{2, 3, 4}"
2018,5,4,1,1,"{2, 3, 4}"
2018,5,4,1,1,"{2, 3, 4}"
2018,5,4,2,0,"{2, 3, 4}"
2018,5,4,2,0,"{2, 3, 4}"
2018,5,4,2,0,"{2, 3, 4}"
2018,5,4,2,1,"{2, 3, 4}"
2018,5,4,2,1,"{2, 3, 4}"
2018,5,4,2,1,"{2, 3, 4}"
2018,5,4,3,0,"{2, 3, 4}"
2018,5,4,3,0,"{2, 3, 4}"
2018,5,4,3,0,"{2, 3, 4}"
2018,5,4,3,1,"{2, 3, 4}"
2018,5,4,3,1,"{2, 3, 4}"
2018,5,4,3,1,"{2, 3, 4}"
2018,5,4,4,0,"{2, 3, 4}"
2018,5,4,4,0,"{2, 3, 4}"
2018,5,4,4,0,"{2, 3, 4}"
2018,5,4,4,1,"{2, 3, 4}"
2018,5,4,4,1,"{2, 3, 4}"
2018,5,4,4,1,"{2, 3, 4}"
2018,5,4,5,0,"{2, 3, 4}"
2018,5,4,5,0,"{2, 3, 4}"
2018,5,4,5,0,"{2, 3, 4}"
2018,5,4,5,1,"{2, 3, 4}"
2018,5,4,5,1,"{2, 3, 4}"
2018,5,4,5,1,"{2, 3, 4}"
2018,5,4,6,0,"{2, 3, 4}"
2018,5,4,6,0,"{2, 3, 4}"
2018,5,4,6,0,"{2, 3, 4}"
2018,5,4,6,1,"{2, 3, 4}"
2018,5,4,6,1,"{2, 3, 4}"
2018,5,4,6,1,"{2, 3, 4}"
2018,5,4,7,0,"{2, 3, 4}"
2018,5,4,7,0,"{2, 3, 4}"
2018,5,4,7,0,"{2, 3, 4}"
2018,5,4,7,1,"{2, 3, 4}"
2018,5,4,7,1,"{2, 3, 4}"
2018,5,4,7,1,"{2, 3, 4}"
2018,5,4,8,0,"{2, 3, 4}"
2018,5,4,8,0,"{2, 3, 4}"
2018,5,4,8,0,"{2, 3, 4}"
2018,5,4,8,1,"{2, 3, 4}"
2018,5,4,8,1,"{2, 3, 4}"
2018,5,4,8,1,"{2, 3, 4}"
2018,5,4,9,0,"{2, 3, 4}"
2018,5,4,9,0,"{2, 3, 4}"
2018,5,4,9,0,"{2, 3, 4}"
2018,5,4,12,0,"{2, 3, 4}"
2018,5,4,12,0,"{2, 3, 4}"
2018,5,4,12,0,"{2, 3, 4}"
2018,5,4,12,1,"{2, 3, 4}"
2018,5,4,12,1,"{2, 3, 4}"
2018,5,4,12,1,"{2, 3, 4}"
2018,5,4,13,0,"{2, 3, 4}"
2018,5,4,13,0,"{2, 3, 4}"
2018,5,4,13,0,"{2, 3, 4}"
2018,5,4,13,1,"{2, 3, 4}"
2018,5,4,13,1,"{2, 3, 4}"
2018,5,4,13,1,"{2, 3, 4}"
2018,5,4,18,0,"{2, 3, 4}"
2018,5,4,18,0,"{2, 3, 4}"
2018,5,4,18,0,"{2, 3, 4}"
2018,5,4,18,1,"{2, 3, 4}"
2018,5,4,18,1,"{2, 3, 4}"
2018,5,4,18,1,"{2, 3, 4}"
2018,5,4,19,0,"{2, 3, 4}"
2018,5,4,19,0,"{2, 3, 4}"
2018,5,4,19,0,"{2, 3, 4}"
2018,5,4,19,1,"{2, 3, 4}"
2018,5,4,19,1,"{2, 3, 4}"
2018,5,4,19,1,"{2, 3, 4}"
2018,5,4,20,0,"{2, 3, 4}"
2018,5,4,20,0,"{2, 3, 4}"
2018,5,4,20,0,"{2, 3, 4}"
2018,5,4,20,1,"{2, 3, 4}"
2018,5,4,20,1,"{2, 3, 4}"
2018,5,4,20,1,"{2, 3, 4}"
2018,5,4,21,0,"{2, 3, 4}"
2018,5,4,21,0,"{2, 3, 4}"
2018,5,4,21,0,"{2, 3, 4}"
2018,5,4,21,1,"{2, 3, 4}"
2018,5,4,21,1,"{2, 3, 4}"
2018,5,4,21,1,"{2, 3, 4}"
2018,5,4,22,0,"{2, 3, 4}"
2018,5,4,22,0,"{2, 3, 4}"
2018,5,4,22,0,"{2, 3, 4}"
2018,5,4,22,1,"{2, 3, 4}"
2018,5,4,22,1,"{2, 3, 4}"
2018,5,4,22,1,"{2, 3, 4}"
2018,5,4,23,0,"{2, 3, 4}"
2018,5,4,23,0,"{2, 3, 4}"
2018,5,4,23,0,"{2, 3, 4}"
2018,5,4,23,1,"{2, 3, 4}"
2018,5,4,23,1,"{2, 3, 4}"
2018,5,4,23,1,"{2, 3, 4}"
2018,5,5,0,0,"{2, 3, 4}"
2018,5,5,0,0,"{2, 3, 4}"
2018,5,5,0,0,"{2, 3, 4}"
2018,5,5,0,1,"{2, 3, 4}"
2018,5,5,0,1,"{2, 3, 4}"
2018,5,5,0,1,"{2, 3, 4}"
2018,5,5,1,0,"{2, 3, 4}"
2018,5,5,1,0,"{2, 3, 4}"
2018,5,5,1,0,"{2, 3, 4}"
2018,5,5,1,1,"{2, 3, 4}"
2018,5,5,1,1,"{2, 3, 4}"
2018,5,5,1,1,"{2, 3, 4}"
2018,5,5,2,0,"{2, 3, 4}"
2018,5,5,2,0,"{2, 3, 4}"
2018,5,5,2,0,"{2, 3, 4}"
2018,5,5,2,1,"{2, 3, 4}"
2018,5,5,2,1,"{2, 3, 4}"
2018,5,5,2,1,"{2, 3, 4}"
2018,5,5,3,0,"{2, 3, 4}"
2018,5,5,3,0,"{2, 3, 4}"
2018,5,5,3,0,"{2, 3, 4}"
2018,5,5,3,1,"{2, 3, 4}"
2018,5,5,3,1,"{2, 3, 4}"
2018,5,5,3,1,"{2, 3, 4}"
2018,5,5,4,0,"{2, 3, 4}"
2018,5,5,4,0,"{2, 3, 4}"
2018,5,5,4,0,"{2, 3, 4}"
2018,5,5,4,1,"{2, 3, 4}"
2018,5,5,4,1,"{2, 3, 4}"
2018,5,5,4,1,"{2, 3, 4}"
2018,5,5,5,0,"{2, 3, 4}"
2018,5,5,5,0,"{2, 3, 4}"
2018,5,5,5,0,"{2, 3, 4}"
2018,5,5,5,1,"{2, 3, 4}"
2018,5,5,5,1,"{2, 3, 4}"
2018,5,5,5,1,"{2, 3, 4}"
2018,5,5,6,0,"{2, 3, 4}"
2018,5,5,6,0,"{2, 3, 4}"
2018,5,5,6,0,"{2, 3, 4}"
2018,5,5,6,1,"{2, 3, 4}"
2018,5,5,6,1,"{2, 3, 4}"
2018,5,5,6,1,"{2, 3, 4}"
2018,5,5,7,0,"{2, 3, 4}"
2018,5,5,7,0,"{2, 3, 4}"
2018,5,5,7,0,"{2, 3, 4}"
2018,5,5,7,1,"{2, 3, 4}"
2018,5,5,7,1,"{2, 3, 4}"
2018,5,5,7,1,"{2, 3, 4}"
2018,5,5,8,0,"{2, 3, 4}"
2018,5,5,8,0,"{2, 3, 4}"
2018,5,5,8,0,"{2, 3, 4}"
2018,5,5,8,1,"{2, 3, 4}"
2018,5,5,8,1,"{2, 3, 4}"
2018,5,5,8,1,"{2, 3, 4}"
2018,5,5,9,0,"{2, 3, 4}"
2018,5,5,9,0,"{2, 3, 4}"
2018,5,5,9,0,"{2, 3, 4}"
2018,5,5,9,1,"{2, 3, 4}"
2018,5,5,9,1,"{2, 3, 4}"
2018,5,5,9,1,"{2, 3, 4}"
2018,5,5,10,0,"{2, 3, 4}"
2018,5,5,10,0,"{2, 3, 4}"
2018,5,5,10,0,"{2, 3, 4}"
2018,5,5,10,1,"{2, 3, 4}"
2018,5,5,10,1,"{2, 3, 4}"
2018,5,5,10,1,"{2, 3, 4}"
2018,5,5,11,0,"{2, 3, 4}"
2018,5,5,11,0,"{2, 3, 4}"
2018,5,5,11,0,"{2, 3, 4}"
2018,5,5,11,1,"{2, 3, 4}"
2018,5,5,11,1,"{2, 3, 4}"
2018,5,5,11,1,"{2, 3, 4}"
2018,5,5,12,0,"{2, 3, 4}"
2018,5,5,12,0,"{2, 3, 4}"
2018,5,5,12,0,"{2, 3, 4}"
2018,5,5,12,1,"{2, 3, 4}"
2018,5,5,12,1,"{2, 3, 4}"
2018,5,5,12,1,"{2, 3, 4}"
2018,5,5,13,0,"{2, 3, 4}"
2018,5,5,13,0,"{2, 3, 4}"
2018,5,5,13,0,"{2, 3, 4}"
2018,5,5,13,1,"{2, 3, 4}"
2018,5,5,13,1,"{2, 3, 4}"
2018,5,5,13,1,"{2, 3, 4}"
2018,5,5,14,0,"{2, 3, 4}"
2018,5,5,14,0,"{2, 3, 4}"
2018,5,5,14,0,"{2, 3, 4}"
2018,5,5,14,1,"{2, 3, 4}"
2018,5,5,14,1,"{2, 3, 4}"
2018,5,5,14,1,"{2, 3, 4}"
2018,5,5,15,0,"{2, 3, 4}"
2018,5,5,15,0,"{2, 3, 4}"
2018,5,5,15,0,"{2, 3, 4}"
2018,5,5,15,1,"{2, 3, 4}"
2018,5,5,15,1,"{2, 3, 4}"
2018,5,5,15,1,"{2, 3, 4}"
2018,5,5,16,0,"{2, 3, 4}"
2018,5,5,16,0,"{2, 3, 4}"
2018,5,5,16,0,"{2, 3, 4}"
2018,5,5,16,1,"{2, 3, 4}"
2018,5,5,16,1,"{2, 3, 4}"
2018,5,5,16,1,"{2, 3, 4}"
2018,5,5,17,0,"{2, 3, 4}"
2018,5,5,17,0,"{2, 3, 4}"
2018,5,5,17,0,"{2, 3, 4}"
2018,5,5,17,1,"{2, 3, 4}"
2018,5,5,17,1,"{2, 3, 4}"
2018,5,5,17,1,"{2, 3, 4}"
2018,5,5,18,0,"{2, 3, 4}"
2018,5,5,18,0,"{2, 3, 4}"
2018,5,5,18,0,"{2, 3, 4}"
2018,5,5,18,1,"{2, 3, 4}"
2018,5,5,18,1,"{2, 3, 4}"
2018,5,5,18,1,"{2, 3, 4}"
2018,5,5,19,0,"{2, 3, 4}"
2018,5,5,19,0,"{2, 3, 4}"
2018,5,5,19,0,"{2, 3, 4}"
2018,5,5,19,1,"{2, 3, 4}"
2018,5,5,19,1,"{2, 3, 4}"
2018,5,5,19,1,"{2, 3, 4}"
2018,5,5,20,0,"{2, 3, 4}"
2018,5,5,20,0,"{2, 3, 4}"
2018,5,5,20,0,"{2, 3, 4}"
2018,5,5,20,1,"{2, 3, 4}"
2018,5,5,20,1,"{2, 3, 4}"
2018,5,5,20,1,"{2, 3, 4}"
2018,5,5,21,0,"{2, 3, 4}"
2018,5,5,21,0,"{2, 3, 4}"
2018,5,5,21,0,"{2, 3, 4}"
2018,5,5,21,1,"{2, 3, 4}"
2018,5,5,21,1,"{2, 3, 4}"
2018,5,5,21,1,"{2, 3, 4}"
2018,5,5,22,0,"{2, 3, 4}"
2018,5,5,22,0,"{2, 3, 4}"
2018,5,5,22,0,"{2, 3, 4}"
2018,5,5,22,1,"{2, 3, 4}"
2018,5,5,22,1,"{2, 3, 4}"
2018,5,5,22,1,"{2, 3, 4}"
2018,5,5,23,0,"{2, 3, 4}"
2018,5,5,23,0,"{2, 3, 4}"
2018,5,5,23,0,"{2, 3, 4}"
2018,5,5,23,1,"{2, 3, 4}"
2018,5,5,23,1,"{2, 3, 4}"
2018,5,5,23,1,"{2, 3, 4}"
2018,5,6,0,0,"{2, 3, 4}"
2018,5,6,0,0,"{2, 3, 4}"
2018,5,6,0,0,"{2, 3, 4}"
2018,5,6,0,1,"{2, 3, 4}"
2018,5,6,0,1,"{2, 3, 4}"
2018,5,6,0,1,"{2, 3, 4}"
2018,5,6,1,0,"{2, 3, 4}"
2018,5,6,1,0,"{2, 3, 4}"
2018,5,6,1,0,"{2, 3, 4}"
2018,5,6,1,1,"{2, 3, 4}"
2018,5,6,1,1,"{2, 3, 4}"
2018,5,6,1,1,"{2, 3, 4}"
2018,5,6,2,0,"{2, 3, 4}"
2018,5,6,2,0,"{2, 3, 4}"
2018,5,6,2,0,"{2, 3, 4}"
2018,5,6,2,1,"{2, 3, 4}"
2018,5,6,2,1,"{2, 3, 4}"
2018,5,6,2,1,"{2, 3, 4}"
2018,5,6,3,0,"{2, 3, 4}"
2018,5,6,3,0,"{2, 3, 4}"
2018,5,6,3,0,"{2, 3, 4}"
2018,5,6,3,1,"{2, 3, 4}"
2018,5,6,3,1,"{2, 3, 4}"
2018,5,6,3,1,"{2, 3, 4}"
2018,5,6,4,0,"{2, 3, 4}"
2018,5,6,4,0,"{2, 3, 4}"
2018,5,6,4,0,"{2, 3, 4}"
2018,5,6,4,1,"{2, 3, 4}"
2018,5,6,4,1,"{2, 3, 4}"
2018,5,6,4,1,"{2, 3, 4}"
2018,5,6,5,0,"{2, 3, 4}"
2018,5,6,5,0,"{2, 3, 4}"
2018,5,6,5,0,"{2, 3, 4}"
2018,5,6,5,1,"{2, 3, 4}"
2018,5,6,5,1,"{2, 3, 4}"
2018,5,6,5,1,"{2, 3, 4}"
2018,5,6,6,0,"{2, 3, 4}"
2018,5,6,6,0,"{2, 3, 4}"
2018,5,6,6,0,"{2, 3, 4}"
2018,5,6,6,1,"{2, 3, 4}"
2018,5,6,6,1,"{2, 3, 4}"
2018,5,6,6,1,"{2, 3, 4}"
2018,5,6,7,0,"{2, 3, 4}"
2018,5,6,7,0,"{2, 3, 4}"
2018,5,6,7,0,"{2, 3, 4}"
2018,5,6,7,1,"{2, 3, 4}"
2018,5,6,7,1,"{2, 3, 4}"
2018,5,6,7,1,"{2, 3, 4}"
2018,5,6,8,0,"{2, 3, 4}"
2018,5,6,8,0,"{2, 3, 4}"
2018,5,6,8,0,"{2, 3, 4}"
2018,5,6,8,1,"{2, 3, 4}"
2018,5,6,8,1,"{2, 3, 4}"
2018,5,6,8,1,"{2, 3, 4}"
2018,5,6,9,0,"{2, 3, 4}"
2018,5,6,9,0,"{2, 3, 4}"
2018,5,6,9,0,"{2, 3, 4}"
2018,5,6,9,1,"{2, 3, 4}"
2018,5,6,9,1,"{2, 3, 4}"
2018,5,6,9,1,"{2, 3, 4}"
2018,5,6,10,0,"{2, 3, 4}"
2018,5,6,10,0,"{2, 3, 4}"
2018,5,6,10,0,"{2, 3, 4}"
2018,5,6,10,1,"{2, 3, 4}"
2018,5,6,10,1,"{2, 3, 4}"
2018,5,6,10,1,"{2, 3, 4}"
2018,5,6,11,0,"{2, 3, 4}"
2018,5,6,11,0,"{2, 3, 4}"
2018,5,6,11,0,"{2, 3, 4}"
2018,5,6,11,1,"{2, 3, 4}"
2018,5,6,11,1,"{2, 3, 4}"
2018,5,6,11,1,"{2, 3, 4}"
2018,5,6,12,0,"{2, 3, 4}"
2018,5,6,12,0,"{2, 3, 4}"
2018,5,6,12,0,"{2, 3, 4}"
2018,5,6,12,1,"{2, 3, 4}"
2018,5,6,12,1,"{2, 3, 4}"
2018,5,6,12,1,"{2, 3, 4}"
2018,5,6,13,0,"{2, 3, 4}"
2018,5,6,13,0,"{2, 3, 4}"
2018,5,6,13,0,"{2, 3, 4}"
2018,5,6,13,1,"{2, 3, 4}"
2018,5,6,13,1,"{2, 3, 4}"
2018,5,6,13,1,"{2, 3, 4}"
2018,5,6,14,0,"{2, 3, 4}"
2018,5,6,14,0,"{2, 3, 4}"
2018,5,6,14,0,"{2, 3, 4}"
2018,5,6,14,1,"{2, 3, 4}"
2018,5,6,14,1,"{2, 3, 4}"
2018,5,6,14,1,"{2, 3, 4}"
2018,5,6,15,0,"{2, 3, 4}"
2018,5,6,15,0,"{2, 3, 4}"
2018,5,6,15,0,"{2, 3, 4}"
2018,5,6,15,1,"{2, 3, 4}"
2018,5,6,15,1,"{2, 3, 4}"
2018,5,6,15,1,"{2, 3, 4}"
2018,5,6,16,0,"{2, 3, 4}"
2018,5,6,16,0,"{2, 3, 4}"
2018,5,6,16,0,"{2, 3, 4}"
2018,5,6,16,1,"{2, 3, 4}"
2018,5,6,16,1,"{2, 3, 4}"
2018,5,6,16,1,"{2, 3, 4}"
2018,5,6,17,0,"{2, 3, 4}"
2018,5,6,17,0,"{2, 3, 4}"
2018,5,6,17,0,"{2, 3, 4}"
2018,5,6,17,1,"{2, 3, 4}"
2018,5,6,17,1,"{2, 3, 4}"
2018,5,6,17,1,"{2, 3, 4}"
2018,5,6,18,0,"{2, 3, 4}"
2018,5,6,18,0,"{2, 3, 4}"
2018,5,6,18,0,"{2, 3, 4}"
2018,5,6,18,1,"{2, 3, 4}"
2018,5,6,18,1,"{2, 3, 4}"
2018,5,6,18,1,"{2, 3, 4}"
2018,5,6,19,0,"{2, 3, 4}"
2018,5,6,19,0,"{2, 3, 4}"
2018,5,6,19,0,"{2, 3, 4}"
2018,5,6,19,1,"{2, 3, 4}"
2018,5,6,19,1,"{2, 3, 4}"
2018,5,6,19,1,"{2, 3, 4}"
2018,5,6,20,0,"{2, 3, 4}"
2018,5,6,20,0,"{2, 3, 4}"
2018,5,6,20,0,"{2, 3, 4}"
2018,5,6,20,1,"{2, 3, 4}"
2018,5,6,20,1,"{2, 3, 4}"
2018,5,6,20,1,"{2, 3, 4}"
2018,5,6,21,0,"{2, 3, 4}"
2018,5,6,21,0,"{2, 3, 4}"
2018,5,6,21,0,"{2, 3, 4}"
2018,5,6,21,1,"{2, 3, 4}"
2018,5,6,21,1,"{2, 3, 4}"
2018,5,6,21,1,"{2, 3, 4}"
2018,5,6,22,0,"{2, 3, 4}"
2018,5,6,22,0,"{2, 3, 4}"
2018,5,6,22,0,"{2, 3, 4}"
2018,5,6,22,1,"{2, 3, 4}"
2018,5,6,22,1,"{2, 3, 4}"
2018,5,6,22,1,"{2, 3, 4}"
2018,5,6,23,0,"{2, 3, 4}"
2018,5,6,23,0,"{2, 3, 4}"
2018,5,6,23,0,"{2, 3, 4}"
2018,5,6,23,1,"{2, 3, 4}"
2018,5,6,23,1,"{2, 3, 4}"
2018,5,6,23,1,"{2, 3, 4}"
2018,5,7,0,0,"{2, 3, 4}"
2018,5,7,0,0,"{2, 3, 4}"
2018,5,7,0,0,"{2, 3, 4}"
2018,5,7,0,1,"{2, 3, 4}"
2018,5,7,0,1,"{2, 3, 4}"
2018,5,7,0,1,"{2, 3, 4}"
2018,5,7,1,0,"{2, 3, 4}"
2018,5,7,1,0,"{2, 3, 4}"
2018,5,7,1,0,"{2, 3, 4}"
2018,5,7,1,1,"{2, 3, 4}"
2018,5,7,1,1,"{2, 3, 4}"
2018,5,7,1,1,"{2, 3, 4}"
2018,5,7,2,0,"{2, 3, 4}"
2018,5,7,2,0,"{2, 3, 4}"
2018,5,7,2,0,"{2, 3, 4}"
2018,5,7,2,1,"{2, 3, 4}"
2018,5,7,2,1,"{2, 3, 4}"
2018,5,7,2,1,"{2, 3, 4}"
2018,5,7,3,0,"{2, 3, 4}"
2018,5,7,3,0,"{2, 3, 4}"
2018,5,7,3,0,"{2, 3, 4}"
2018,5,7,3,1,"{2, 3, 4}"
2018,5,7,3,1,"{2, 3, 4}"
2018,5,7,3,1,"{2, 3, 4}"
2018,5,7,4,0,"{2, 3, 4}"
2018,5,7,4,0,"{2, 3, 4}"
2018,5,7,4,0,"{2, 3, 4}"
2018,5,7,4,1,"{2, 3, 4}"
2018,5,7,4,1,"{2, 3, 4}"
2018,5,7,4,1,"{2, 3, 4}"
2018,5,7,5,0,"{2, 3, 4}"
2018,5,7,5,0,"{2, 3, 4}"
2018,5,7,5,0,"{2, 3, 4}"
2018,5,7,5,1,"{2, 3, 4}"
2018,5,7,5,1,"{2, 3, 4}"
2018,5,7,5,1,"{2, 3, 4}"
2018,5,7,6,0,"{2, 3, 4}"
2018,5,7,6,0,"{2, 3, 4}"
2018,5,7,6,0,"{2, 3, 4}"
2018,5,7,6,1,"{2, 3, 4}"
2018,5,7,6,1,"{2, 3, 4}"
2018,5,7,6,1,"{2, 3, 4}"
2018,5,7,7,0,"{2, 3, 4}"
2018,5,7,7,0,"{2, 3, 4}"
2018,5,7,7,0,"{2, 3, 4}"
2018,5,7,7,1,"{2, 3, 4}"
2018,5,7,7,1,"{2, 3, 4}"
2018,5,7,7,1,"{2, 3, 4}"
2018,5,7,8,0,"{2, 3, 4}"
2018,5,7,8,0,"{2, 3, 4}"
2018,5,7,8,0,"{2, 3, 4}"
2018,5,7,8,1,"{2, 3, 4}"
2018,5,7,8,1,"{2, 3, 4}"
2018,5,7,8,1,"{2, 3, 4}"
2018,5,7,9,0,{2}
2018,5,10,16,1,"{2, 3, 4}"
2018,5,10,16,1,"{2, 3, 4}"
2018,5,10,16,1,"{2, 3, 4}"
2018,5,10,17,0,"{2, 3, 4}"
2018,5,10,17,0,"{2, 3, 4}"
2018,5,10,17,0,"{2, 3, 4}"
2018,5,10,17,1,"{2, 3, 4}"
2018,5,10,17,1,"{2, 3, 4}"
2018,5,10,17,1,"{2, 3, 4}"
2018,5,10,20,1,"{2, 3, 4}"
2018,5,10,20,1,"{2, 3, 4}"
2018,5,10,20,1,"{2, 3, 4}"
2018,5,10,21,0,"{2, 3, 4}"
2018,5,10,21,0,"{2, 3, 4}"
2018,5,10,21,0,"{2, 3, 4}"
2018,5,10,21,1,"{2, 3, 4}"
2018,5,10,21,1,"{2, 3, 4}"
2018,5,10,21,1,"{2, 3, 4}"
2018,5,10,22,0,"{1, 2, 3, 4}"
2018,5,10,22,0,"{1, 2, 3, 4}"
2018,5,10,22,0,"{1, 2, 3, 4}"
2018,5,10,22,0,"{1, 2, 3, 4}"
2018,5,10,22,1,"{1, 2, 3, 4}"
2018,5,10,22,1,"{1, 2, 3, 4}"
2018,5,10,22,1,"{1, 2, 3, 4}"
2018,5,10,22,1,"{1, 2, 3, 4}"
2018,5,10,23,0,"{2, 3, 4}"
2018,5,10,23,0,"{2, 3, 4}"
2018,5,10,23,0,"{2, 3, 4}"
2018,5,10,23,1,"{2, 3, 4}"
2018,5,10,23,1,"{2, 3, 4}"
2018,5,10,23,1,"{2, 3, 4}"
2018,5,11,0,0,"{2, 3, 4}"
2018,5,11,0,0,"{2, 3, 4}"
2018,5,11,0,0,"{2, 3, 4}"
2018,5,11,0,1,"{2, 3, 4}"
2018,5,11,0,1,"{2, 3, 4}"
2018,5,11,0,1,"{2, 3, 4}"
2018,5,11,1,0,"{2, 3, 4}"
2018,5,11,1,0,"{2, 3, 4}"
2018,5,11,1,0,"{2, 3, 4}"
2018,5,11,1,1,"{2, 3, 4}"
2018,5,11,1,1,"{2, 3, 4}"
2018,5,11,1,1,"{2, 3, 4}"
2018,5,11,2,0,"{2, 3, 4}"
2018,5,11,2,0,"{2, 3, 4}"
2018,5,11,2,0,"{2, 3, 4}"
2018,5,11,2,1,"{2, 3, 4}"
2018,5,11,2,1,"{2, 3, 4}"
2018,5,11,2,1,"{2, 3, 4}"
2018,5,11,3,0,"{2, 3, 4}"
2018,5,11,3,0,"{2, 3, 4}"
2018,5,11,3,0,"{2, 3, 4}"
2018,5,11,3,1,"{2, 3, 4}"
2018,5,11,3,1,"{2, 3, 4}"
2018,5,11,3,1,"{2, 3, 4}"
2018,5,11,4,0,"{2, 3, 4}"
2018,5,11,4,0,"{2, 3, 4}"
2018,5,11,4,0,"{2, 3, 4}"
2018,5,11,4,1,"{2, 3, 4}"
2018,5,11,4,1,"{2, 3, 4}"
2018,5,11,4,1,"{2, 3, 4}"
2018,5,11,5,0,"{2, 3, 4}"
2018,5,11,5,0,"{2, 3, 4}"
2018,5,11,5,0,"{2, 3, 4}"
2018,5,11,5,1,"{2, 3, 4}"
2018,5,11,5,1,"{2, 3, 4}"
2018,5,11,5,1,"{2, 3, 4}"
2018,5,11,6,0,"{2, 3, 4}"
2018,5,11,6,0,"{2, 3, 4}"
2018,5,11,6,0,"{2, 3, 4}"
2018,5,11,6,1,"{2, 3, 4}"
2018,5,11,6,1,"{2, 3, 4}"
2018,5,11,6,1,"{2, 3, 4}"
2018,5,11,7,0,"{2, 3, 4}"
2018,5,11,7,0,"{2, 3, 4}"
2018,5,11,7,0,"{2, 3, 4}"
2018,5,11,7,1,"{2, 3, 4}"
2018,5,11,7,1,"{2, 3, 4}"
2018,5,11,7,1,"{2, 3, 4}"
2018,5,11,8,0,"{2, 3, 4}"
2018,5,11,8,0,"{2, 3, 4}"
2018,5,11,8,0,"{2, 3, 4}"
2018,5,11,8,1,"{2, 3, 4}"
2018,5,11,8,1,"{2, 3, 4}"
2018,5,11,8,1,"{2, 3, 4}"
2018,5,11,9,0,"{2, 3, 4}"
2018,5,11,9,0,"{2, 3, 4}"
2018,5,11,9,0,"{2, 3, 4}"
2018,5,11,9,1,"{2, 3, 4}"
2018,5,11,9,1,"{2, 3, 4}"
2018,5,11,9,1,"{2, 3, 4}"
2018,5,11,16,0,"{2, 3, 4}"
2018,5,11,16,0,"{2, 3, 4}"
2018,5,11,16,0,"{2, 3, 4}"
2018,5,11,16,1,"{2, 3, 4}"
2018,5,11,16,1,"{2, 3, 4}"
2018,5,11,16,1,"{2, 3, 4}"
2018,5,11,17,0,"{2, 3, 4}"
2018,5,11,17,0,"{2, 3, 4}"
2018,5,11,17,0,"{2, 3, 4}"
2018,5,11,21,0,"{2, 3, 4}"
2018,5,11,21,0,"{2, 3, 4}"
2018,5,11,21,0,"{2, 3, 4}"
2018,5,11,21,1,"{2, 3, 4}"
2018,5,11,21,1,"{2, 3, 4}"
2018,5,11,21,1,"{2, 3, 4}"
2018,5,11,22,0,"{2, 3, 4}"
2018,5,11,22,0,"{2, 3, 4}"
2018,5,11,22,0,"{2, 3, 4}"
2018,5,11,22,1,"{2, 3, 4}"
2018,5,11,22,1,"{2, 3, 4}"
2018,5,11,22,1,"{2, 3, 4}"
2018,5,11,23,0,"{2, 3, 4}"
2018,5,11,23,0,"{2, 3, 4}"
2018,5,11,23,0,"{2, 3, 4}"
2018,5,11,23,1,"{2, 3, 4}"
2018,5,11,23,1,"{2, 3, 4}"
2018,5,11,23,1,"{2, 3, 4}"
2018,5,12,0,0,"{2, 3, 4}"
2018,5,12,0,0,"{2, 3, 4}"
2018,5,12,0,0,"{2, 3, 4}"
2018,5,12,0,1,"{2, 3, 4}"
2018,5,12,0,1,"{2, 3, 4}"
2018,5,12,0,1,"{2, 3, 4}"
2018,5,12,1,0,"{2, 3, 4}"
2018,5,12,1,0,"{2, 3, 4}"
2018,5,12,1,0,"{2, 3, 4}"
2018,5,12,1,1,"{2, 3, 4}"
2018,5,12,1,1,"{2, 3, 4}"
2018,5,12,1,1,"{2, 3, 4}"
2018,5,12,2,0,"{2, 3, 4}"
2018,5,12,2,0,"{2, 3, 4}"
2018,5,12,2,0,"{2, 3, 4}"
2018,5,12,2,1,"{2, 3, 4}"
2018,5,12,2,1,"{2, 3, 4}"
2018,5,12,2,1,"{2, 3, 4}"
2018,5,12,3,0,"{2, 3, 4}"
2018,5,12,3,0,"{2, 3, 4}"
2018,5,12,3,0,"{2, 3, 4}"
2018,5,12,3,1,"{2, 3, 4}"
2018,5,12,3,1,"{2, 3, 4}"
2018,5,12,3,1,"{2, 3, 4}"
2018,5,12,4,0,"{2, 3, 4}"
2018,5,12,4,0,"{2, 3, 4}"
2018,5,12,4,0,"{2, 3, 4}"
2018,5,12,4,1,"{2, 3, 4}"
2018,5,12,4,1,"{2, 3, 4}"
2018,5,12,4,1,"{2, 3, 4}"
2018,5,12,5,0,"{2, 3, 4}"
2018,5,12,5,0,"{2, 3, 4}"
2018,5,12,5,0,"{2, 3, 4}"
2018,5,12,5,1,"{2, 3, 4}"
2018,5,12,5,1,"{2, 3, 4}"
2018,5,12,5,1,"{2, 3, 4}"
2018,5,12,6,0,"{2, 3, 4}"
2018,5,12,6,0,"{2, 3, 4}"
2018,5,12,6,0,"{2, 3, 4}"
2018,5,12,6,1,"{2, 3, 4}"
2018,5,12,6,1,"{2, 3, 4}"
2018,5,12,6,1,"{2, 3, 4}"
2018,5,12,7,0,"{2, 3, 4}"
2018,5,12,7,0,"{2, 3, 4}"
2018,5,12,7,0,"{2, 3, 4}"
2018,5,12,7,1,"{2, 3, 4}"
2018,5,12,7,1,"{2, 3, 4}"
2018,5,12,7,1,"{2, 3, 4}"
2018,5,12,8,0,"{2, 3, 4}"
2018,5,12,8,0,"{2, 3, 4}"
2018,5,12,8,0,"{2, 3, 4}"
2018,5,12,8,1,"{2, 3, 4}"
2018,5,12,8,1,"{2, 3, 4}"
2018,5,12,8,1,"{2, 3, 4}"
2018,5,12,9,0,"{2, 3, 4}"
2018,5,12,9,0,"{2, 3, 4}"
2018,5,12,9,0,"{2, 3, 4}"
2018,5,12,21,0,"{2, 3, 4}"
2018,5,12,21,0,"{2, 3, 4}"
2018,5,12,21,0,"{2, 3, 4}"
2018,5,12,21,1,"{2, 3, 4}"
2018,5,12,21,1,"{2, 3, 4}"
2018,5,12,21,1,"{2, 3, 4}"
2018,5,12,22,0,"{2, 3, 4}"
2018,5,12,22,0,"{2, 3, 4}"
2018,5,12,22,0,"{2, 3, 4}"
2018,5,12,22,1,"{2, 3, 4}"
2018,5,12,22,1,"{2, 3, 4}"
2018,5,12,22,1,"{2, 3, 4}"
2018,5,12,23,0,"{2, 3, 4}"
2018,5,12,23,0,"{2, 3, 4}"
2018,5,12,23,0,"{2, 3, 4}"
2018,5,12,23,1,"{2, 3, 4}"
2018,5,12,23,1,"{2, 3, 4}"
2018,5,12,23,1,"{2, 3, 4}"
2018,5,13,0,0,"{2, 3, 4}"
2018,5,13,0,0,"{2, 3, 4}"
2018,5,13,0,0,"{2, 3, 4}"
2018,5,13,0,1,"{2, 3, 4}"
2018,5,13,0,1,"{2, 3, 4}"
2018,5,13,0,1,"{2, 3, 4}"
2018,5,13,1,0,"{2, 3, 4}"
2018,5,13,1,0,"{2, 3, 4}"
2018,5,13,1,0,"{2, 3, 4}"
2018,5,13,1,1,"{2, 3, 4}"
2018,5,13,1,1,"{2, 3, 4}"
2018,5,13,1,1,"{2, 3, 4}"
2018,5,13,2,0,"{2, 3, 4}"
2018,5,13,2,0,"{2, 3, 4}"
2018,5,13,2,0,"{2, 3, 4}"
2018,5,13,2,1,"{2, 3, 4}"
2018,5,13,2,1,"{2, 3, 4}"
2018,5,13,2,1,"{2, 3, 4}"
2018,5,13,3,0,"{2, 3, 4}"
2018,5,13,3,0,"{2, 3, 4}"
2018,5,13,3,0,"{2, 3, 4}"
2018,5,13,3,1,"{2, 3, 4}"
2018,5,13,3,1,"{2, 3, 4}"
2018,5,13,3,1,"{2, 3, 4}"
2018,5,13,4,0,"{2, 3, 4}"
2018,5,13,4,0,"{2, 3, 4}"
2018,5,13,4,0,"{2, 3, 4}"
2018,5,13,4,1,"{2, 3, 4}"
2018,5,13,4,1,"{2, 3, 4}"
2018,5,13,4,1,"{2, 3, 4}"
2018,5,13,5,0,"{2, 3, 4}"
2018,5,13,5,0,"{2, 3, 4}"
2018,5,13,5,0,"{2, 3, 4}"
2018,5,13,5,1,"{2, 3, 4}"
2018,5,13,5,1,"{2, 3, 4}"
2018,5,13,5,1,"{2, 3, 4}"
2018,5,13,6,0,"{2, 3, 4}"
2018,5,13,6,0,"{2, 3, 4}"
2018,5,13,6,0,"{2, 3, 4}"
2018,5,13,6,1,"{2, 3, 4}"
2018,5,13,6,1,"{2, 3, 4}"
2018,5,13,6,1,"{2, 3, 4}"
2018,5,13,7,0,"{2, 3, 4}"
2018,5,13,7,0,"{2, 3, 4}"
2018,5,13,7,0,"{2, 3, 4}"
2018,5,13,7,1,"{2, 3, 4}"
2018,5,13,7,1,"{2, 3, 4}"
2018,5,13,7,1,"{2, 3, 4}"
2018,5,13,8,0,"{2, 3, 4}"
2018,5,13,8,0,"{2, 3, 4}"
2018,5,13,8,0,"{2, 3, 4}"
2018,5,13,18,0,"{2, 3, 4}"
2018,5,13,18,0,"{2, 3, 4}"
2018,5,13,18,0,"{2, 3, 4}"
2018,5,13,18,1,"{2, 3, 4}"
2018,5,13,18,1,"{2, 3, 4}"
2018,5,13,18,1,"{2, 3, 4}"
2018,5,13,19,0,"{2, 3, 4}"
2018,5,13,19,0,"{2, 3, 4}"
2018,5,13,19,0,"{2, 3, 4}"
2018,5,13,19,1,"{2, 3, 4}"
2018,5,13,19,1,"{2, 3, 4}"
2018,5,13,19,1,"{2, 3, 4}"
2018,5,13,20,0,"{2, 3, 4}"
2018,5,13,20,0,"{2, 3, 4}"
2018,5,13,20,0,"{2, 3, 4}"
2018,5,13,20,1,"{2, 3, 4}"
2018,5,13,20,1,"{2, 3, 4}"
2018,5,13,20,1,"{2, 3, 4}"
2018,5,13,21,0,"{2, 3, 4}"
2018,5,13,21,0,"{2, 3, 4}"
2018,5,13,21,0,"{2, 3, 4}"
2018,5,13,21,1,"{2, 3, 4}"
2018,5,13,21,1,"{2, 3, 4}"
2018,5,13,21,1,"{2, 3, 4}"
2018,5,13,22,0,"{2, 3, 4}"
2018,5,13,22,0,"{2, 3, 4}"
2018,5,13,22,0,"{2, 3, 4}"
2018,5,13,22,1,"{2, 3, 4}"
2018,5,13,22,1,"{2, 3, 4}"
2018,5,13,22,1,"{2, 3, 4}"
2018,5,13,23,0,"{2, 3, 4}"
2018,5,13,23,0,"{2, 3, 4}"
2018,5,13,23,0,"{2, 3, 4}"
2018,5,13,23,1,"{2, 3, 4}"
2018,5,13,23,1,"{2, 3, 4}"
2018,5,13,23,1,"{2, 3, 4}"
2018,5,14,0,0,"{2, 3, 4}"
2018,5,14,0,0,"{2, 3, 4}"
2018,5,14,0,0,"{2, 3, 4}"
2018,5,14,0,1,"{2, 3, 4}"
2018,5,14,0,1,"{2, 3, 4}"
2018,5,14,0,1,"{2, 3, 4}"
2018,5,14,1,0,"{2, 3, 4}"
2018,5,14,1,0,"{2, 3, 4}"
2018,5,14,1,0,"{2, 3, 4}"
2018,5,14,1,1,"{2, 3, 4}"
2018,5,14,1,1,"{2, 3, 4}"
2018,5,14,1,1,"{2, 3, 4}"
2018,5,14,2,0,"{2, 3, 4}"
2018,5,14,2,0,"{2, 3, 4}"
2018,5,14,2,0,"{2, 3, 4}"
2018,5,14,2,1,"{2, 3, 4}"
2018,5,14,2,1,"{2, 3, 4}"
2018,5,14,2,1,"{2, 3, 4}"
2018,5,14,3,0,"{2, 3, 4}"
2018,5,14,3,0,"{2, 3, 4}"
2018,5,14,3,0,"{2, 3, 4}"
2018,5,14,3,1,"{2, 3, 4}"
2018,5,14,3,1,"{2, 3, 4}"
2018,5,14,3,1,"{2, 3, 4}"
2018,5,14,4,0,"{2, 3, 4}"
2018,5,14,4,0,"{2, 3, 4}"
2018,5,14,4,0,"{2, 3, 4}"
2018,5,14,4,1,"{2, 3, 4}"
2018,5,14,4,1,"{2, 3, 4}"
2018,5,14,4,1,"{2, 3, 4}"
2018,5,14,5,0,"{2, 3, 4}"
2018,5,14,5,0,"{2, 3, 4}"
2018,5,14,5,0,"{2, 3, 4}"
2018,5,14,5,1,"{2, 3, 4}"
2018,5,14,5,1,"{2, 3, 4}"
2018,5,14,5,1,"{2, 3, 4}"
2018,5,14,6,0,"{2, 3, 4}"
2018,5,14,6,0,"{2, 3, 4}"
2018,5,14,6,0,"{2, 3, 4}"
2018,5,14,6,1,"{2, 3, 4}"
2018,5,14,6,1,"{2, 3, 4}"
2018,5,14,6,1,"{2, 3, 4}"
2018,5,14,7,0,"{2, 3, 4}"
2018,5,14,7,0,"{2, 3, 4}"
2018,5,14,7,0,"{2, 3, 4}"
2018,5,14,7,1,"{2, 3, 4}"
2018,5,14,7,1,"{2, 3, 4}"
2018,5,14,7,1,"{2, 3, 4}"
2018,5,14,8,0,"{2, 3, 4}"
2018,5,14,8,0,"{2, 3, 4}"
2018,5,14,8,0,"{2, 3, 4}"
2018,5,14,8,1,"{2, 3, 4}"
2018,5,14,8,1,"{2, 3, 4}"
2018,5,14,8,1,"{2, 3, 4}"
2018,5,14,9,0,"{2, 3, 4}"
2018,5,14,9,0,"{2, 3, 4}"
2018,5,14,9,0,"{2, 3, 4}"
2018,5,14,16,0,"{2, 3, 4}"
2018,5,14,16,0,"{2, 3, 4}"
2018,5,14,16,0,"{2, 3, 4}"
2018,5,14,16,1,"{2, 3, 4}"
2018,5,14,16,1,"{2, 3, 4}"
2018,5,14,16,1,"{2, 3, 4}"
2018,5,14,17,0,"{2, 3, 4}"
2018,5,14,17,0,"{2, 3, 4}"
2018,5,14,17,0,"{2, 3, 4}"
2018,5,14,17,1,"{2, 3, 4}"
2018,5,14,17,1,"{2, 3, 4}"
2018,5,14,17,1,"{2, 3, 4}"
2018,5,14,18,0,"{2, 3, 4}"
2018,5,14,18,0,"{2, 3, 4}"
2018,5,14,18,0,"{2, 3, 4}"
2018,5,14,18,1,"{2, 3, 4}"
2018,5,14,18,1,"{2, 3, 4}"
2018,5,14,18,1,"{2, 3, 4}"
2018,5,14,19,0,"{2, 3, 4}"
2018,5,14,19,0,"{2, 3, 4}"
2018,5,14,19,0,"{2, 3, 4}"
2018,5,14,19,1,"{2, 3, 4}"
2018,5,14,19,1,"{2, 3, 4}"
2018,5,14,19,1,"{2, 3, 4}"
2018,5,14,20,0,"{2, 3, 4}"
2018,5,14,20,0,"{2, 3, 4}"
2018,5,14,20,0,"{2, 3, 4}"
2018,5,14,20,1,"{2, 3, 4}"
2018,5,14,20,1,"{2, 3, 4}"
2018,5,14,20,1,"{2, 3, 4}"
2018,5,14,21,0,"{2, 3, 4}"
2018,5,14,21,0,"{2, 3, 4}"
2018,5,14,21,0,"{2, 3, 4}"
2018,5,14,21,1,"{2, 3, 4}"
2018,5,14,21,1,"{2, 3, 4}"
2018,5,14,21,1,"{2, 3, 4}"
2018,5,14,22,0,"{2, 3, 4}"
2018,5,14,22,0,"{2, 3, 4}"
2018,5,14,22,0,"{2, 3, 4}"
2018,5,14,22,1,"{2, 3, 4}"
2018,5,14,22,1,"{2, 3, 4}"
2018,5,14,22,1,"{2, 3, 4}"
2018,5,14,23,0,"{2, 3, 4}"
2018,5,14,23,0,"{2, 3, 4}"
2018,5,14,23,0,"{2, 3, 4}"
2018,5,14,23,1,"{2, 3, 4}"
2018,5,14,23,1,"{2, 3, 4}"
2018,5,14,23,1,"{2, 3, 4}"
2018,5,15,0,0,"{2, 3, 4}"
2018,5,15,0,0,"{2, 3, 4}"
2018,5,15,0,0,"{2, 3, 4}"
2018,5,15,0,1,"{2, 3, 4}"
2018,5,15,0,1,"{2, 3, 4}"
2018,5,15,0,1,"{2, 3, 4}"
2018,5,15,1,0,"{2, 3, 4}"
2018,5,15,1,0,"{2, 3, 4}"
2018,5,15,1,0,"{2, 3, 4}"
2018,5,15,1,1,"{2, 3, 4}"
2018,5,15,1,1,"{2, 3, 4}"
2018,5,15,1,1,"{2, 3, 4}"
2018,5,15,2,0,"{2, 3, 4}"
2018,5,15,2,0,"{2, 3, 4}"
2018,5,15,2,0,"{2, 3, 4}"
2018,5,15,2,1,"{2, 3, 4}"
2018,5,15,2,1,"{2, 3, 4}"
2018,5,15,2,1,"{2, 3, 4}"
2018,5,15,3,0,"{2, 3, 4}"
2018,5,15,3,0,"{2, 3, 4}"
2018,5,15,3,0,"{2, 3, 4}"
2018,5,15,3,1,"{2, 3, 4}"
2018,5,15,3,1,"{2, 3, 4}"
2018,5,15,3,1,"{2, 3, 4}"
2018,5,15,4,0,"{2, 3, 4}"
2018,5,15,4,0,"{2, 3, 4}"
2018,5,15,4,0,"{2, 3, 4}"
2018,5,15,4,1,"{2, 3, 4}"
2018,5,15,4,1,"{2, 3, 4}"
2018,5,15,4,1,"{2, 3, 4}"
2018,5,15,5,0,"{2, 3, 4}"
2018,5,15,5,0,"{2, 3, 4}"
2018,5,15,5,0,"{2, 3, 4}"
2018,5,15,5,1,"{2, 3, 4}"
2018,5,15,5,1,"{2, 3, 4}"
2018,5,15,5,1,"{2, 3, 4}"
2018,5,15,6,0,"{2, 3, 4}"
2018,5,15,6,0,"{2, 3, 4}"
2018,5,15,6,0,"{2, 3, 4}"
2018,5,15,6,1,"{2, 3, 4}"
2018,5,15,6,1,"{2, 3, 4}"
2018,5,15,6,1,"{2, 3, 4}"
2018,5,15,7,0,"{2, 3, 4}"
2018,5,15,7,0,"{2, 3, 4}"
2018,5,15,7,0,"{2, 3, 4}"
2018,5,15,7,1,"{2, 3, 4}"
2018,5,15,7,1,"{2, 3, 4}"
2018,5,15,7,1,"{2, 3, 4}"
2018,5,15,8,0,"{2, 3, 4}"
2018,5,15,8,0,"{2, 3, 4}"
2018,5,15,8,0,"{2, 3, 4}"
2018,5,15,8,1,"{2, 3, 4}"
2018,5,15,8,1,"{2, 3, 4}"
2018,5,15,8,1,"{2, 3, 4}"
2018,5,15,9,0,"{2, 3, 4}"
2018,5,15,9,0,"{2, 3, 4}"
2018,5,15,9,0,"{2, 3, 4}"
2018,5,15,9,1,"{2, 3, 4}"
2018,5,15,9,1,"{2, 3, 4}"
2018,5,15,9,1,"{2, 3, 4}"
2018,5,15,10,0,"{2, 3, 4}"
2018,5,15,10,0,"{2, 3, 4}"
2018,5,15,10,0,"{2, 3, 4}"
2018,5,17,20,0,"{2, 3, 4}"
2018,5,17,20,0,"{2, 3, 4}"
2018,5,17,20,0,"{2, 3, 4}"
2018,5,17,20,1,"{2, 3, 4}"
2018,5,17,20,1,"{2, 3, 4}"
2018,5,17,20,1,"{2, 3, 4}"
2018,5,17,21,0,"{2, 3, 4}"
2018,5,17,21,0,"{2, 3, 4}"
2018,5,17,21,0,"{2, 3, 4}"
2018,5,17,21,1,"{2, 3, 4}"
2018,5,17,21,1,"{2, 3, 4}"
2018,5,17,21,1,"{2, 3, 4}"
2018,5,17,22,0,"{2, 3, 4}"
2018,5,17,22,0,"{2, 3, 4}"
2018,5,17,22,0,"{2, 3, 4}"
2018,5,17,22,1,"{2, 3, 4}"
2018,5,17,22,1,"{2, 3, 4}"
2018,5,17,22,1,"{2, 3, 4}"
2018,5,17,23,0,"{2, 3, 4}"
2018,5,17,23,0,"{2, 3, 4}"
2018,5,17,23,0,"{2, 3, 4}"
2018,5,17,23,1,"{2, 3, 4}"
2018,5,17,23,1,"{2, 3, 4}"
2018,5,17,23,1,"{2, 3, 4}"
2018,5,18,0,0,"{2, 3, 4}"
2018,5,18,0,0,"{2, 3, 4}"
2018,5,18,0,0,"{2, 3, 4}"
2018,5,18,0,1,"{2, 3, 4}"
2018,5,18,0,1,"{2, 3, 4}"
2018,5,18,0,1,"{2, 3, 4}"
2018,5,18,1,0,"{2, 3, 4}"
2018,5,18,1,0,"{2, 3, 4}"
2018,5,18,1,0,"{2, 3, 4}"
2018,5,18,1,1,"{2, 3, 4}"
2018,5,18,1,1,"{2, 3, 4}"
2018,5,18,1,1,"{2, 3, 4}"
2018,5,18,2,0,"{2, 3, 4}"
2018,5,18,2,0,"{2, 3, 4}"
2018,5,18,2,0,"{2, 3, 4}"
2018,5,18,2,1,"{2, 3, 4}"
2018,5,18,2,1,"{2, 3, 4}"
2018,5,18,2,1,"{2, 3, 4}"
2018,5,18,3,0,"{2, 3, 4}"
2018,5,18,3,0,"{2, 3, 4}"
2018,5,18,3,0,"{2, 3, 4}"
2018,5,18,3,1,"{2, 3, 4}"
2018,5,18,3,1,"{2, 3, 4}"
2018,5,18,3,1,"{2, 3, 4}"
2018,5,18,4,0,"{2, 3, 4}"
2018,5,18,4,0,"{2, 3, 4}"
2018,5,18,4,0,"{2, 3, 4}"
2018,5,18,4,1,"{2, 3, 4}"
2018,5,18,4,1,"{2, 3, 4}"
2018,5,18,4,1,"{2, 3, 4}"
2018,5,18,5,0,"{2, 3, 4}"
2018,5,18,5,0,"{2, 3, 4}"
2018,5,18,5,0,"{2, 3, 4}"
2018,5,18,5,1,"{2, 3, 4}"
2018,5,18,5,1,"{2, 3, 4}"
2018,5,18,5,1,"{2, 3, 4}"
2018,5,18,6,0,"{2, 3, 4}"
2018,5,18,6,0,"{2, 3, 4}"
2018,5,18,6,0,"{2, 3, 4}"
2018,5,18,6,1,"{2, 3, 4}"
2018,5,18,6,1,"{2, 3, 4}"
2018,5,18,6,1,"{2, 3, 4}"
2018,5,18,7,0,"{2, 3, 4}"
2018,5,18,7,0,"{2, 3, 4}"
2018,5,18,7,0,"{2, 3, 4}"
2018,5,18,7,1,"{2, 3, 4}"
2018,5,18,7,1,"{2, 3, 4}"
2018,5,18,7,1,"{2, 3, 4}"
2018,5,18,8,0,"{2, 3, 4}"
2018,5,18,8,0,"{2, 3, 4}"
2018,5,18,8,0,"{2, 3, 4}"
2018,5,18,8,1,"{2, 3, 4}"
2018,5,18,8,1,"{2, 3, 4}"
2018,5,18,8,1,"{2, 3, 4}"
2018,5,18,9,0,"{2, 3, 4}"
2018,5,18,9,0,"{2, 3, 4}"
2018,5,18,9,0,"{2, 3, 4}"
2018,5,22,11,1,"{2, 3, 4}"
2018,5,22,11,1,"{2, 3, 4}"
2018,5,22,11,1,"{2, 3, 4}"
2018,5,22,12,0,"{2, 3, 4}"
2018,5,22,12,0,"{2, 3, 4}"
2018,5,22,12,0,"{2, 3, 4}"
2018,5,22,12,1,"{2, 3, 4}"
2018,5,22,12,1,"{2, 3, 4}"
2018,5,22,12,1,"{2, 3, 4}"
2018,5,22,13,0,"{2, 3, 4}"
2018,5,22,13,0,"{2, 3, 4}"
2018,5,22,13,0,"{2, 3, 4}"
2018,5,22,13,1,"{2, 3, 4}"
2018,5,22,13,1,"{2, 3, 4}"
2018,5,22,13,1,"{2, 3, 4}"
2018,5,23,7,0,"{1, 2, 3, 4}"
2018,5,23,7,0,"{1, 2, 3, 4}"
2018,5,23,7,0,"{1, 2, 3, 4}"
2018,5,23,7,0,"{1, 2, 3, 4}"
2018,5,23,7,1,"{1, 2, 3, 4}"
2018,5,23,7,1,"{1, 2, 3, 4}"
2018,5,23,7,1,"{1, 2, 3, 4}"
2018,5,23,7,1,"{1, 2, 3, 4}"
2018,5,23,8,0,"{2, 3, 4}"
2018,5,23,8,0,"{2, 3, 4}"
2018,5,23,8,0,"{2, 3, 4}"
2018,5,23,8,1,"{2, 3, 4}"
2018,5,23,8,1,"{2, 3, 4}"
2018,5,23,8,1,"{2, 3, 4}"
